epoch,train_acc,test_acc,train_loss,epoch_time_s
0,0.0851,0.08,0.230093,0.415
1,0.1024,0.098,0.229887,0.004
2,0.1212,0.112,0.229687,0.003
3,0.1466,0.13,0.22946,0.003
4,0.1764,0.156,0.229213,0.003
5,0.2001,0.185,0.228973,0.003
6,0.2322,0.213,0.228699,0.003
7,0.2648,0.226,0.228373,0.004
8,0.2895,0.258,0.228061,0.003
9,0.3051,0.268,0.227692,0.003
10,0.3122,0.266,0.227287,0.003
11,0.3063,0.261,0.226848,0.004
12,0.3086,0.263,0.226369,0.003
13,0.2922,0.245,0.225809,0.003
14,0.2929,0.248,0.225216,0.003
15,0.297,0.26,0.224599,0.003
16,0.2594,0.232,0.223742,0.003
17,0.2573,0.238,0.222883,0.003
18,0.2676,0.247,0.222002,0.003
19,0.2779,0.252,0.22096,0.004
20,0.281,0.254,0.219793,0.003
21,0.2817,0.258,0.218493,0.003
22,0.2866,0.261,0.216925,0.004
23,0.2869,0.262,0.215269,0.003
24,0.2908,0.266,0.213333,0.003
25,0.3172,0.281,0.211066,0.003
26,0.3168,0.286,0.208577,0.003
27,0.3152,0.288,0.205769,0.003
28,0.3364,0.304,0.202633,0.003
29,0.3499,0.309,0.199178,0.003
30,0.3548,0.313,0.195439,0.004
31,0.3582,0.316,0.191432,0.003
32,0.3745,0.337,0.187151,0.004
33,0.3838,0.354,0.182531,0.004
34,0.3996,0.375,0.17778,0.003
35,0.4141,0.38,0.173039,0.003
36,0.4423,0.412,0.168185,0.004
37,0.46,0.433,0.163291,0.004
38,0.5045,0.479,0.158485,0.004
39,0.5446,0.527,0.15372,0.004
40,0.5689,0.538,0.148855,0.004
41,0.6028,0.58,0.144007,0.004
42,0.6277,0.598,0.139241,0.004
43,0.6528,0.621,0.134627,0.004
44,0.672,0.645,0.129529,0.004
45,0.6788,0.659,0.124886,0.003
46,0.6964,0.658,0.120117,0.003
47,0.7254,0.697,0.115317,0.004
48,0.721,0.683,0.110781,0.004
49,0.7375,0.718,0.106618,0.004
50,0.7493,0.723,0.102522,0.004
51,0.7592,0.732,0.098993,0.004
52,0.7606,0.736,0.095292,0.004
53,0.7762,0.769,0.091769,0.004
54,0.78,0.764,0.088726,0.004
55,0.7773,0.757,0.086003,0.004
56,0.7822,0.766,0.083709,0.003
57,0.7914,0.767,0.080951,0.003
58,0.7944,0.77,0.078955,0.004
59,0.792,0.77,0.077155,0.004
60,0.7953,0.768,0.075068,0.003
61,0.7947,0.773,0.073463,0.003
62,0.7959,0.774,0.072016,0.003
63,0.8036,0.791,0.070309,0.004
64,0.8036,0.782,0.069139,0.003
65,0.8101,0.784,0.067796,0.003
66,0.8063,0.793,0.066853,0.004
67,0.8081,0.804,0.065821,0.003
68,0.8175,0.786,0.064619,0.004
69,0.8195,0.803,0.063512,0.004
70,0.8177,0.802,0.062588,0.004
71,0.8211,0.799,0.061895,0.003
72,0.8235,0.802,0.061092,0.004
73,0.8229,0.801,0.060326,0.004
74,0.8267,0.805,0.059839,0.003
75,0.8297,0.811,0.058876,0.003
76,0.8211,0.81,0.058829,0.004
77,0.8308,0.813,0.057658,0.004
78,0.8336,0.806,0.05714,0.003
79,0.8354,0.821,0.056495,0.003
80,0.8314,0.82,0.056325,0.003
81,0.8347,0.82,0.055658,0.004
82,0.8379,0.825,0.055112,0.003
83,0.8352,0.817,0.055008,0.004
84,0.8397,0.826,0.054125,0.003
85,0.8401,0.819,0.05385,0.003
86,0.842,0.828,0.053419,0.003
87,0.8424,0.82,0.053427,0.003
88,0.8418,0.827,0.053007,0.003
89,0.8465,0.83,0.052514,0.004
90,0.8417,0.835,0.052529,0.003
91,0.8458,0.836,0.051704,0.004
92,0.8463,0.837,0.051293,0.004
93,0.8487,0.836,0.050998,0.003
94,0.8519,0.84,0.050704,0.003
95,0.8549,0.84,0.050159,0.003
96,0.8532,0.845,0.049866,0.004
97,0.8533,0.844,0.049842,0.004
98,0.8586,0.844,0.04919,0.004
99,0.8527,0.834,0.049601,0.004
100,0.858,0.847,0.048796,0.004
101,0.8543,0.85,0.049194,0.003
102,0.8597,0.849,0.048378,0.004
103,0.8603,0.846,0.047939,0.004
104,0.86,0.85,0.048174,0.004
105,0.862,0.846,0.047833,0.004
106,0.8615,0.849,0.047435,0.003
107,0.8619,0.855,0.047438,0.003
108,0.8639,0.858,0.047198,0.003
109,0.864,0.856,0.046903,0.004
110,0.867,0.858,0.046325,0.003
111,0.8683,0.854,0.045902,0.003
112,0.8691,0.861,0.045975,0.003
113,0.8667,0.853,0.045929,0.004
114,0.8632,0.859,0.046473,0.004
115,0.868,0.865,0.045478,0.003
116,0.8695,0.855,0.045303,0.004
117,0.8683,0.851,0.044976,0.004
118,0.8713,0.853,0.044635,0.003
119,0.8697,0.855,0.044809,0.003
120,0.8718,0.861,0.044419,0.004
121,0.8727,0.854,0.044498,0.004
122,0.8715,0.851,0.044383,0.003
123,0.8742,0.861,0.043823,0.003
124,0.8751,0.862,0.043642,0.003
125,0.8755,0.864,0.043636,0.003
126,0.8739,0.863,0.043655,0.003
127,0.8749,0.864,0.043264,0.003
128,0.8766,0.862,0.043346,0.003
129,0.8745,0.854,0.04308,0.003
130,0.8765,0.862,0.04264,0.003
131,0.8757,0.866,0.042631,0.003
132,0.8765,0.87,0.042614,0.003
133,0.8733,0.856,0.042907,0.003
134,0.8773,0.866,0.042441,0.003
135,0.8794,0.869,0.041776,0.004
136,0.8775,0.869,0.041942,0.003
137,0.8799,0.865,0.041759,0.003
138,0.879,0.866,0.041852,0.003
139,0.88,0.871,0.041801,0.003
140,0.8798,0.874,0.04134,0.003
141,0.8815,0.869,0.041072,0.004
142,0.8811,0.871,0.040917,0.003
143,0.8819,0.87,0.040941,0.003
144,0.8841,0.874,0.040443,0.003
145,0.8813,0.87,0.040966,0.004
146,0.8835,0.87,0.040541,0.003
147,0.8822,0.871,0.040728,0.003
148,0.8827,0.869,0.040369,0.004
149,0.885,0.874,0.040331,0.003
150,0.8858,0.873,0.039874,0.004
151,0.8828,0.873,0.040032,0.003
152,0.887,0.873,0.039673,0.004
153,0.8868,0.872,0.039627,0.004
154,0.8854,0.875,0.039694,0.003
155,0.8836,0.877,0.03962,0.004
156,0.887,0.876,0.039342,0.004
157,0.8872,0.878,0.039095,0.004
158,0.8888,0.879,0.039052,0.004
159,0.8871,0.876,0.03917,0.003
160,0.89,0.88,0.038672,0.003
161,0.8885,0.882,0.038841,0.003
162,0.8882,0.876,0.038869,0.003
163,0.8898,0.882,0.038658,0.003
164,0.89,0.879,0.038682,0.003
165,0.8899,0.884,0.038355,0.003
166,0.8916,0.884,0.038153,0.003
167,0.8915,0.88,0.038117,0.003
168,0.8912,0.884,0.038214,0.003
169,0.8877,0.88,0.038478,0.003
170,0.8911,0.887,0.038184,0.004
171,0.8912,0.882,0.037769,0.003
172,0.8916,0.884,0.037755,0.003
173,0.89,0.88,0.038062,0.003
174,0.8912,0.877,0.037802,0.004
175,0.8928,0.887,0.037414,0.003
176,0.8925,0.886,0.037471,0.004
177,0.8935,0.885,0.037336,0.003
178,0.8957,0.881,0.036944,0.003
179,0.8951,0.887,0.036943,0.003
180,0.89,0.879,0.037582,0.003
181,0.8915,0.884,0.037221,0.003
182,0.8952,0.891,0.036837,0.003
183,0.8956,0.889,0.036538,0.004
184,0.895,0.89,0.036721,0.003
185,0.8961,0.892,0.03665,0.004
186,0.8961,0.887,0.036407,0.004
187,0.8971,0.889,0.03656,0.003
188,0.8977,0.893,0.036163,0.004
189,0.8966,0.889,0.036135,0.004
190,0.8964,0.892,0.036146,0.003
191,0.8968,0.888,0.036033,0.004
192,0.8948,0.884,0.036481,0.004
193,0.8971,0.889,0.035711,0.003
194,0.8953,0.89,0.036539,0.003
195,0.9,0.894,0.035648,0.004
196,0.8994,0.889,0.03557,0.003
197,0.8982,0.899,0.035676,0.003
198,0.8982,0.895,0.035486,0.003
199,0.899,0.894,0.035398,0.004
200,0.9002,0.892,0.035256,0.003
201,0.8972,0.885,0.03557,0.004
202,0.8997,0.895,0.035366,0.004
203,0.8995,0.892,0.035368,0.004
204,0.8974,0.882,0.035326,0.003
205,0.8993,0.897,0.035226,0.004
206,0.8977,0.898,0.035302,0.004
207,0.8999,0.89,0.035044,0.004
208,0.9011,0.896,0.034584,0.004
209,0.8996,0.889,0.034928,0.004
210,0.899,0.902,0.035329,0.004
211,0.898,0.894,0.034997,0.004
212,0.8995,0.9,0.034764,0.004
213,0.9028,0.899,0.034329,0.004
214,0.9007,0.899,0.035016,0.004
215,0.9009,0.904,0.034431,0.004
216,0.9019,0.9,0.034425,0.004
217,0.9022,0.901,0.033988,0.004
218,0.9035,0.893,0.034272,0.003
219,0.905,0.901,0.033933,0.004
220,0.9037,0.899,0.033853,0.004
221,0.904,0.903,0.033768,0.004
222,0.9051,0.903,0.033537,0.004
223,0.9042,0.9,0.033707,0.003
224,0.9023,0.897,0.033745,0.004
225,0.9036,0.902,0.033567,0.004
226,0.9035,0.904,0.033582,0.004
227,0.9037,0.896,0.034073,0.004
228,0.9034,0.904,0.033522,0.003
229,0.9042,0.899,0.033089,0.004
230,0.9028,0.898,0.033801,0.004
231,0.9065,0.906,0.032958,0.004
232,0.9068,0.902,0.032955,0.003
233,0.9061,0.899,0.033082,0.003
234,0.9072,0.907,0.032771,0.003
235,0.907,0.905,0.032755,0.003
236,0.9069,0.903,0.032986,0.003
237,0.9067,0.904,0.032683,0.003
238,0.9067,0.901,0.032786,0.004
239,0.9055,0.9,0.032757,0.003
240,0.9072,0.907,0.032485,0.004
241,0.9092,0.91,0.032318,0.003
242,0.9085,0.908,0.03238,0.003
243,0.9067,0.902,0.032215,0.003
244,0.907,0.909,0.032929,0.003
245,0.9065,0.909,0.032413,0.003
246,0.9078,0.908,0.032104,0.003
247,0.9077,0.908,0.031957,0.004
248,0.9102,0.907,0.032249,0.003
249,0.9099,0.91,0.031773,0.003
250,0.9095,0.907,0.03178,0.003
251,0.9055,0.905,0.032006,0.003
252,0.9104,0.912,0.031838,0.003
253,0.9087,0.903,0.031963,0.003
254,0.9081,0.906,0.031635,0.003
255,0.9082,0.902,0.031671,0.004
256,0.9083,0.909,0.031946,0.004
257,0.9115,0.911,0.031553,0.004
258,0.9103,0.909,0.031192,0.004
259,0.9098,0.903,0.031313,0.004
260,0.9098,0.913,0.03137,0.004
261,0.9103,0.903,0.031271,0.003
262,0.9118,0.906,0.031227,0.004
263,0.9119,0.909,0.031022,0.003
264,0.9126,0.91,0.030992,0.003
265,0.9118,0.908,0.030989,0.003
266,0.9117,0.906,0.031184,0.003
267,0.9098,0.904,0.03104,0.004
268,0.9127,0.909,0.030731,0.003
269,0.9141,0.907,0.030502,0.003
270,0.9122,0.903,0.030765,0.003
271,0.9114,0.907,0.030636,0.003
272,0.9155,0.904,0.030343,0.004
273,0.9152,0.91,0.030465,0.003
274,0.9146,0.908,0.030317,0.003
275,0.9129,0.904,0.0306,0.003
276,0.9142,0.906,0.030154,0.004
277,0.9122,0.906,0.030422,0.004
278,0.9123,0.898,0.030369,0.004
279,0.9134,0.907,0.030768,0.003
280,0.9127,0.902,0.030236,0.003
281,0.9131,0.914,0.030138,0.004
282,0.9154,0.912,0.02988,0.003
283,0.9134,0.907,0.030125,0.004
284,0.916,0.904,0.029776,0.004
285,0.9142,0.907,0.030168,0.003
286,0.9149,0.906,0.029841,0.004
287,0.9167,0.909,0.030054,0.003
288,0.9163,0.911,0.029566,0.003
289,0.9153,0.906,0.02998,0.004
290,0.915,0.912,0.029505,0.004
291,0.9154,0.907,0.029731,0.003
292,0.9154,0.913,0.029501,0.004
293,0.9177,0.918,0.029504,0.004
294,0.9176,0.91,0.02921,0.004
295,0.9154,0.912,0.029443,0.004
296,0.9172,0.911,0.029284,0.003
297,0.9159,0.904,0.029475,0.003
298,0.9165,0.911,0.029341,0.003
299,0.9179,0.913,0.029196,0.003
300,0.9177,0.91,0.029093,0.003
301,0.9171,0.912,0.028934,0.003
302,0.9178,0.91,0.029052,0.003
303,0.9183,0.913,0.029079,0.003
304,0.9198,0.907,0.028738,0.004
305,0.9192,0.914,0.028866,0.003
306,0.9137,0.906,0.029657,0.003
307,0.9185,0.919,0.02859,0.003
308,0.9187,0.917,0.028773,0.003
309,0.9182,0.912,0.028607,0.003
310,0.9198,0.917,0.02836,0.003
311,0.9162,0.914,0.028619,0.003
312,0.921,0.913,0.028426,0.003
313,0.9163,0.907,0.028978,0.003
314,0.9165,0.912,0.028554,0.004
315,0.9184,0.912,0.028375,0.004
316,0.9195,0.916,0.028167,0.004
317,0.9196,0.914,0.0284,0.003
318,0.9189,0.909,0.028406,0.004
319,0.9217,0.91,0.028437,0.004
320,0.9201,0.907,0.028127,0.004
321,0.9197,0.914,0.027919,0.004
322,0.9183,0.911,0.028142,0.003
323,0.9192,0.909,0.028243,0.003
324,0.92,0.917,0.028051,0.004
325,0.9186,0.908,0.028109,0.003
326,0.9204,0.914,0.027849,0.003
327,0.9219,0.917,0.027558,0.003
328,0.9212,0.916,0.027797,0.004
329,0.9204,0.916,0.027909,0.003
330,0.9207,0.922,0.027631,0.003
331,0.9224,0.918,0.027345,0.003
332,0.9233,0.916,0.027467,0.004
333,0.9232,0.914,0.027365,0.003
334,0.9201,0.918,0.027705,0.004
335,0.9235,0.917,0.027255,0.004
336,0.9216,0.92,0.027461,0.003
337,0.9231,0.918,0.027195,0.003
338,0.9229,0.918,0.027223,0.004
339,0.9226,0.917,0.027129,0.004
340,0.9221,0.912,0.027461,0.004
341,0.9236,0.915,0.026982,0.003
342,0.9246,0.917,0.026889,0.004
343,0.9234,0.917,0.026882,0.004
344,0.9237,0.922,0.026981,0.004
345,0.9222,0.923,0.02692,0.004
346,0.9245,0.92,0.026856,0.004
347,0.9218,0.912,0.027227,0.003
348,0.9254,0.917,0.026871,0.003
349,0.9235,0.916,0.026836,0.003
350,0.9239,0.918,0.026906,0.003
351,0.9255,0.917,0.026611,0.004
352,0.9224,0.914,0.026959,0.004
353,0.9227,0.916,0.027115,0.004
354,0.9221,0.913,0.026982,0.004
355,0.9259,0.917,0.026519,0.003
356,0.9245,0.919,0.02653,0.004
357,0.9249,0.922,0.026554,0.004
358,0.9259,0.921,0.026271,0.003
359,0.9242,0.919,0.026441,0.004
360,0.923,0.913,0.0265,0.003
361,0.9262,0.92,0.026267,0.004
362,0.9251,0.924,0.026374,0.004
363,0.9278,0.921,0.026074,0.003
364,0.9274,0.922,0.025951,0.004
365,0.9249,0.914,0.026274,0.003
366,0.9259,0.912,0.026239,0.004
367,0.925,0.922,0.026095,0.003
368,0.9269,0.92,0.026049,0.004
369,0.9267,0.921,0.026036,0.004
370,0.9268,0.923,0.026058,0.004
371,0.9267,0.92,0.025897,0.004
372,0.9279,0.922,0.025679,0.004
373,0.9285,0.922,0.02562,0.004
374,0.927,0.916,0.025829,0.004
375,0.9273,0.918,0.025631,0.004
376,0.9245,0.92,0.026129,0.004
377,0.9265,0.921,0.025815,0.004
378,0.9272,0.922,0.025767,0.004
379,0.9262,0.921,0.025515,0.004
380,0.9273,0.926,0.02567,0.004
381,0.9271,0.92,0.025702,0.004
382,0.9267,0.922,0.025656,0.004
383,0.9278,0.922,0.025316,0.004
384,0.9278,0.922,0.025453,0.004
385,0.9297,0.924,0.0253,0.004
386,0.9274,0.927,0.025414,0.004
387,0.9252,0.919,0.025473,0.004
388,0.9264,0.92,0.025386,0.004
389,0.9279,0.924,0.025007,0.003
390,0.9269,0.923,0.025366,0.003
391,0.9302,0.922,0.024977,0.003
392,0.9276,0.922,0.025065,0.003
393,0.9278,0.924,0.025068,0.003
394,0.9273,0.922,0.024981,0.003
395,0.9285,0.923,0.025096,0.003
396,0.9314,0.92,0.024863,0.003
397,0.9302,0.925,0.024672,0.003
398,0.9302,0.918,0.024959,0.004
399,0.9294,0.925,0.024727,0.004
400,0.9273,0.92,0.025034,0.004
401,0.9296,0.919,0.024752,0.004
402,0.9308,0.925,0.02465,0.004
403,0.9308,0.92,0.024832,0.004
404,0.932,0.922,0.024467,0.004
405,0.9317,0.923,0.024572,0.004
406,0.932,0.921,0.024489,0.004
407,0.9306,0.923,0.024894,0.004
408,0.9312,0.926,0.024384,0.004
409,0.9294,0.923,0.024545,0.004
410,0.9301,0.925,0.024379,0.004
411,0.9308,0.924,0.024284,0.004
412,0.9312,0.923,0.02427,0.004
413,0.9305,0.923,0.024278,0.004
414,0.9314,0.927,0.024174,0.004
415,0.932,0.922,0.024136,0.004
416,0.9313,0.924,0.024174,0.004
417,0.9341,0.921,0.024076,0.004
418,0.933,0.923,0.024054,0.003
419,0.9311,0.928,0.024166,0.003
420,0.9291,0.929,0.024304,0.003
421,0.9327,0.925,0.023968,0.004
422,0.931,0.92,0.024235,0.004
423,0.9317,0.928,0.023971,0.003
424,0.9324,0.925,0.023942,0.004
425,0.9323,0.921,0.02396,0.004
426,0.9331,0.921,0.023759,0.004
427,0.9333,0.927,0.023713,0.004
428,0.9325,0.927,0.023657,0.003
429,0.9309,0.93,0.023754,0.004
430,0.934,0.926,0.023638,0.004
431,0.933,0.926,0.023575,0.003
432,0.9334,0.928,0.023635,0.003
433,0.9323,0.926,0.023783,0.003
434,0.9345,0.926,0.023442,0.003
435,0.9338,0.924,0.023449,0.004
436,0.9351,0.922,0.023469,0.003
437,0.9338,0.919,0.023496,0.004
438,0.9346,0.924,0.023321,0.003
439,0.9334,0.926,0.023491,0.004
440,0.9305,0.923,0.02405,0.004
441,0.9348,0.926,0.023161,0.003
442,0.9349,0.924,0.023185,0.004
443,0.9333,0.929,0.023505,0.004
444,0.9355,0.932,0.023236,0.004
445,0.935,0.93,0.023041,0.003
446,0.9312,0.924,0.023423,0.004
447,0.9351,0.929,0.02303,0.004
448,0.933,0.927,0.023282,0.003
449,0.9349,0.923,0.023387,0.003
450,0.9349,0.92,0.023055,0.003
451,0.9362,0.929,0.022836,0.003
452,0.9352,0.929,0.022911,0.004
453,0.9358,0.93,0.022996,0.003
454,0.9343,0.92,0.023093,0.003
455,0.9352,0.919,0.022867,0.003
456,0.9368,0.927,0.022726,0.003
457,0.9356,0.926,0.022805,0.003
458,0.9348,0.927,0.022786,0.003
459,0.9365,0.925,0.022537,0.003
460,0.9354,0.927,0.022785,0.003
461,0.9368,0.929,0.022551,0.004
462,0.9369,0.929,0.022417,0.004
463,0.9367,0.929,0.022501,0.003
464,0.9363,0.927,0.022568,0.003
465,0.9354,0.922,0.022806,0.003
466,0.9381,0.926,0.022388,0.003
467,0.9353,0.92,0.022731,0.004
468,0.9362,0.931,0.022275,0.004
469,0.9373,0.933,0.022284,0.003
470,0.9355,0.93,0.022808,0.004
471,0.9364,0.927,0.022758,0.003
472,0.9383,0.934,0.022434,0.003
473,0.9373,0.936,0.02212,0.004
474,0.9393,0.932,0.022038,0.004
475,0.9386,0.931,0.022029,0.004
476,0.9385,0.93,0.022052,0.003
477,0.9346,0.925,0.023055,0.004
478,0.9399,0.928,0.021905,0.004
479,0.9354,0.927,0.022414,0.004
480,0.9365,0.933,0.021987,0.004
481,0.9371,0.928,0.021891,0.004
482,0.9374,0.929,0.021849,0.003
483,0.9384,0.93,0.021716,0.004
484,0.9383,0.93,0.021673,0.004
485,0.9386,0.932,0.021571,0.004
486,0.938,0.931,0.021803,0.003
487,0.9384,0.931,0.021605,0.004
488,0.9372,0.93,0.021981,0.004
489,0.9395,0.932,0.021535,0.004
490,0.9399,0.934,0.021514,0.003
491,0.9402,0.934,0.021394,0.003
492,0.9375,0.932,0.021679,0.004
493,0.9363,0.93,0.021803,0.004
494,0.938,0.932,0.021512,0.003
495,0.9402,0.932,0.021282,0.003
496,0.9388,0.935,0.021323,0.004
497,0.9378,0.932,0.021775,0.004
498,0.9386,0.933,0.021566,0.004
499,0.94,0.933,0.021336,0.003
500,0.9395,0.934,0.021347,0.004
501,0.9387,0.932,0.021285,0.004
502,0.9396,0.934,0.021185,0.004
503,0.9401,0.93,0.021328,0.004
504,0.9379,0.927,0.021396,0.004
505,0.9393,0.932,0.021266,0.003
506,0.9412,0.938,0.020912,0.004
507,0.941,0.935,0.020956,0.004
508,0.9409,0.934,0.020868,0.004
509,0.9417,0.933,0.020862,0.004
510,0.9389,0.931,0.021072,0.003
511,0.9395,0.935,0.021064,0.004
512,0.9406,0.931,0.021076,0.003
513,0.9411,0.934,0.020808,0.003
514,0.9408,0.934,0.020905,0.003
515,0.9397,0.931,0.021184,0.003
516,0.94,0.934,0.020799,0.004
517,0.9395,0.93,0.020874,0.003
518,0.943,0.934,0.020715,0.004
519,0.9392,0.937,0.020782,0.004
520,0.9401,0.936,0.0207,0.003
521,0.9423,0.938,0.02055,0.003
522,0.9409,0.935,0.020633,0.003
523,0.9411,0.935,0.020471,0.004
524,0.9414,0.932,0.020562,0.003
525,0.9422,0.935,0.020459,0.004
526,0.9415,0.931,0.020591,0.003
527,0.9411,0.934,0.020543,0.004
528,0.9413,0.931,0.020532,0.004
529,0.9418,0.934,0.020444,0.004
530,0.9426,0.934,0.020363,0.003
531,0.9438,0.932,0.020325,0.003
532,0.9413,0.928,0.020484,0.003
533,0.9438,0.934,0.020134,0.003
534,0.9428,0.934,0.020143,0.003
535,0.9434,0.938,0.020117,0.003
536,0.9427,0.935,0.020099,0.003
537,0.9424,0.927,0.020159,0.003
538,0.943,0.932,0.020114,0.003
539,0.9446,0.935,0.020067,0.003
540,0.9417,0.933,0.020169,0.004
541,0.9428,0.935,0.020026,0.003
542,0.9423,0.937,0.020224,0.004
543,0.9427,0.934,0.019894,0.004
544,0.9426,0.93,0.020298,0.004
545,0.9433,0.932,0.020053,0.004
546,0.942,0.934,0.020154,0.004
547,0.9436,0.935,0.019948,0.004
548,0.9444,0.935,0.019861,0.003
549,0.9449,0.934,0.019823,0.003
550,0.9435,0.932,0.019658,0.003
551,0.9438,0.933,0.019656,0.003
552,0.9437,0.929,0.019745,0.003
553,0.9441,0.934,0.019724,0.004
554,0.945,0.934,0.019694,0.003
555,0.9428,0.932,0.019918,0.003
556,0.9448,0.934,0.019428,0.004
557,0.9444,0.936,0.019516,0.004
558,0.9393,0.926,0.020722,0.003
559,0.9428,0.937,0.019634,0.004
560,0.9448,0.936,0.019507,0.003
561,0.9447,0.935,0.019535,0.003
562,0.9443,0.941,0.019304,0.003
563,0.9445,0.94,0.019366,0.003
564,0.9434,0.931,0.01948,0.003
565,0.9438,0.938,0.019647,0.003
566,0.9423,0.929,0.019853,0.003
567,0.944,0.934,0.019752,0.003
568,0.9444,0.934,0.01953,0.003
569,0.9423,0.932,0.019864,0.003
570,0.9453,0.939,0.019338,0.004
571,0.9458,0.935,0.019207,0.004
572,0.9458,0.938,0.019142,0.004
573,0.945,0.934,0.019407,0.004
574,0.9454,0.94,0.019125,0.004
575,0.9447,0.938,0.019079,0.004
576,0.9453,0.932,0.019143,0.004
577,0.9437,0.934,0.019244,0.004
578,0.9455,0.938,0.019078,0.004
579,0.9463,0.936,0.018926,0.003
580,0.9448,0.934,0.019158,0.003
581,0.9473,0.938,0.018855,0.003
582,0.9455,0.936,0.019105,0.004
583,0.9434,0.933,0.019507,0.004
584,0.9449,0.931,0.019305,0.004
585,0.9447,0.934,0.019102,0.004
586,0.9472,0.932,0.018855,0.004
587,0.9464,0.933,0.019015,0.003
588,0.9477,0.937,0.018662,0.004
589,0.9452,0.936,0.018881,0.003
590,0.9477,0.934,0.018707,0.003
591,0.9477,0.935,0.01866,0.003
592,0.948,0.935,0.018763,0.003
593,0.9464,0.935,0.018843,0.003
594,0.9469,0.937,0.018808,0.003
595,0.947,0.931,0.018736,0.004
596,0.946,0.934,0.018729,0.003
597,0.9478,0.934,0.018597,0.003
598,0.9461,0.937,0.018836,0.003
599,0.9478,0.935,0.018547,0.003
600,0.9469,0.938,0.018505,0.004
601,0.949,0.934,0.01853,0.004
602,0.9468,0.936,0.018601,0.004
603,0.9484,0.934,0.018411,0.003
604,0.9483,0.939,0.018466,0.004
605,0.9489,0.936,0.018404,0.004
606,0.9495,0.939,0.018191,0.003
607,0.9478,0.933,0.018249,0.004
608,0.9479,0.939,0.018251,0.004
609,0.9491,0.934,0.018151,0.003
610,0.9488,0.936,0.018215,0.004
611,0.9493,0.934,0.018066,0.003
612,0.9483,0.94,0.01807,0.004
613,0.9484,0.936,0.018341,0.004
614,0.9491,0.935,0.018115,0.003
615,0.9467,0.93,0.018768,0.004
616,0.9501,0.937,0.017892,0.004
617,0.9488,0.936,0.017993,0.004
618,0.9471,0.932,0.018615,0.004
619,0.949,0.931,0.01801,0.004
620,0.9482,0.936,0.01799,0.003
621,0.9487,0.93,0.018158,0.004
622,0.947,0.931,0.018285,0.004
623,0.9483,0.935,0.017975,0.004
624,0.951,0.938,0.017859,0.004
625,0.9494,0.934,0.01782,0.004
626,0.9493,0.937,0.017861,0.004
627,0.9478,0.935,0.017855,0.003
628,0.9498,0.937,0.017783,0.004
629,0.9493,0.937,0.017709,0.003
630,0.9487,0.941,0.017685,0.003
631,0.9492,0.939,0.017808,0.003
632,0.9516,0.942,0.01762,0.003
633,0.95,0.933,0.017806,0.004
634,0.9504,0.937,0.01757,0.003
635,0.9496,0.94,0.017722,0.003
636,0.9519,0.937,0.017518,0.003
637,0.9512,0.937,0.017586,0.003
638,0.9511,0.937,0.017437,0.004
639,0.9491,0.934,0.01786,0.004
640,0.9513,0.938,0.017511,0.004
641,0.9502,0.935,0.017613,0.003
642,0.9494,0.939,0.017512,0.003
643,0.9524,0.934,0.01735,0.003
644,0.9492,0.935,0.017722,0.003
645,0.9532,0.937,0.017198,0.004
646,0.9526,0.936,0.017348,0.004
647,0.9512,0.935,0.017377,0.004
648,0.9507,0.938,0.017304,0.003
649,0.9512,0.936,0.017212,0.004
650,0.9515,0.941,0.017318,0.003
651,0.953,0.941,0.017018,0.003
652,0.9495,0.935,0.01745,0.003
653,0.95,0.933,0.017421,0.003
654,0.952,0.936,0.016992,0.003
655,0.9535,0.94,0.017024,0.004
656,0.952,0.932,0.017467,0.003
657,0.9526,0.937,0.01696,0.004
658,0.9506,0.941,0.01714,0.003
659,0.9517,0.945,0.017045,0.003
660,0.9524,0.936,0.016989,0.004
661,0.9521,0.937,0.017128,0.003
662,0.9524,0.938,0.017027,0.004
663,0.9535,0.936,0.016912,0.003
664,0.9531,0.932,0.017078,0.003
665,0.9523,0.937,0.016858,0.003
666,0.9518,0.942,0.016967,0.004
667,0.9515,0.938,0.017103,0.004
668,0.9539,0.937,0.016761,0.003
669,0.9535,0.941,0.016724,0.004
670,0.9529,0.938,0.016795,0.004
671,0.9515,0.94,0.016849,0.004
672,0.9522,0.94,0.016816,0.004
673,0.954,0.938,0.016752,0.004
674,0.9543,0.939,0.016596,0.004
675,0.953,0.938,0.016687,0.003
676,0.9531,0.938,0.016726,0.004
677,0.9532,0.938,0.016477,0.003
678,0.9533,0.939,0.016562,0.003
679,0.954,0.936,0.016518,0.003
680,0.9535,0.935,0.016609,0.003
681,0.9534,0.936,0.016545,0.003
682,0.9525,0.938,0.016772,0.003
683,0.9543,0.937,0.016476,0.003
684,0.9535,0.94,0.016603,0.003
685,0.955,0.938,0.01634,0.003
686,0.9524,0.938,0.016742,0.003
687,0.9542,0.942,0.016228,0.003
688,0.9528,0.941,0.01654,0.003
689,0.9542,0.941,0.016276,0.003
690,0.9525,0.938,0.016929,0.004
691,0.9534,0.944,0.016588,0.004
692,0.9544,0.939,0.016301,0.004
693,0.9551,0.939,0.016311,0.003
694,0.9541,0.934,0.016541,0.003
695,0.9549,0.938,0.016311,0.003
696,0.9545,0.938,0.016301,0.003
697,0.9533,0.938,0.016354,0.003
698,0.9541,0.941,0.016278,0.003
699,0.9525,0.938,0.016525,0.003
700,0.9556,0.938,0.016006,0.003
701,0.9559,0.939,0.015932,0.003
702,0.9557,0.937,0.016247,0.003
703,0.9562,0.938,0.016019,0.003
704,0.9563,0.941,0.015923,0.004
705,0.9554,0.941,0.015818,0.003
706,0.9546,0.937,0.016186,0.003
707,0.9561,0.94,0.015845,0.003
708,0.9567,0.937,0.015932,0.003
709,0.9562,0.94,0.016,0.003
710,0.9557,0.939,0.015843,0.003
711,0.9555,0.94,0.01608,0.003
712,0.957,0.941,0.015823,0.003
713,0.9565,0.94,0.015771,0.003
714,0.9552,0.936,0.016105,0.003
715,0.9559,0.938,0.015801,0.003
716,0.9534,0.938,0.016223,0.003
717,0.9568,0.938,0.015625,0.003
718,0.9561,0.94,0.015665,0.003
719,0.9556,0.939,0.015976,0.003
720,0.9557,0.942,0.015905,0.003
721,0.9557,0.942,0.015744,0.004
722,0.9546,0.938,0.015802,0.003
723,0.9551,0.939,0.015929,0.003
724,0.9551,0.938,0.01595,0.003
725,0.9569,0.938,0.015546,0.003
726,0.9559,0.938,0.015743,0.004
727,0.9578,0.94,0.015443,0.004
728,0.957,0.942,0.015769,0.004
729,0.9587,0.938,0.015565,0.003
730,0.9566,0.939,0.015553,0.003
731,0.9577,0.94,0.015513,0.003
732,0.9568,0.941,0.01559,0.004
733,0.9573,0.94,0.0154,0.003
734,0.9576,0.942,0.015431,0.003
735,0.9563,0.941,0.015504,0.003
736,0.9571,0.939,0.015566,0.004
737,0.9578,0.94,0.015486,0.004
738,0.9569,0.938,0.015657,0.004
739,0.9574,0.939,0.015457,0.004
740,0.9584,0.936,0.015248,0.004
741,0.9581,0.943,0.015228,0.004
742,0.958,0.94,0.015188,0.004
743,0.9582,0.938,0.015239,0.004
744,0.9571,0.94,0.015206,0.004
745,0.9575,0.937,0.015558,0.003
746,0.9585,0.937,0.015252,0.003
747,0.9572,0.939,0.015504,0.004
748,0.956,0.939,0.015333,0.004
749,0.9586,0.942,0.015143,0.004
750,0.9582,0.938,0.015059,0.004
751,0.956,0.94,0.015364,0.003
752,0.959,0.937,0.015118,0.003
753,0.9582,0.937,0.01512,0.004
754,0.9586,0.937,0.014994,0.004
755,0.9576,0.941,0.015099,0.004
756,0.9583,0.939,0.015029,0.004
757,0.9594,0.938,0.014942,0.004
758,0.9579,0.939,0.015192,0.004
759,0.9573,0.94,0.015144,0.004
760,0.9575,0.94,0.015104,0.004
761,0.9564,0.943,0.015205,0.003
762,0.9587,0.941,0.014985,0.003
763,0.9573,0.941,0.014972,0.003
764,0.9595,0.941,0.014938,0.003
765,0.9592,0.941,0.015025,0.003
766,0.9587,0.943,0.014773,0.003
767,0.9583,0.938,0.014899,0.003
768,0.9593,0.944,0.01464,0.003
769,0.9565,0.937,0.015196,0.003
770,0.9578,0.939,0.014969,0.004
771,0.9573,0.937,0.015038,0.004
772,0.9574,0.939,0.015191,0.004
773,0.9562,0.935,0.01516,0.003
774,0.9583,0.941,0.014816,0.003
775,0.958,0.941,0.014794,0.003
776,0.9597,0.939,0.014739,0.003
777,0.9595,0.938,0.014654,0.003
778,0.9596,0.938,0.014579,0.003
779,0.9589,0.938,0.014672,0.003
780,0.9578,0.939,0.01461,0.004
781,0.9588,0.942,0.014622,0.004
782,0.959,0.939,0.014623,0.003
783,0.9606,0.938,0.014589,0.003
784,0.9595,0.942,0.014546,0.003
785,0.9595,0.941,0.014647,0.003
786,0.9587,0.938,0.014821,0.004
787,0.9616,0.942,0.014399,0.003
788,0.9613,0.944,0.014389,0.003
789,0.96,0.944,0.01435,0.004
790,0.9605,0.943,0.014415,0.003
791,0.9604,0.944,0.014341,0.003
792,0.9609,0.941,0.014314,0.003
793,0.9605,0.941,0.014308,0.003
794,0.9596,0.941,0.01448,0.003
795,0.9604,0.941,0.014314,0.004
796,0.9621,0.941,0.01419,0.004
797,0.9594,0.943,0.014373,0.003
798,0.9614,0.938,0.014286,0.004
799,0.9607,0.942,0.014186,0.004
800,0.9619,0.941,0.014269,0.004
801,0.9602,0.938,0.014389,0.004
802,0.96,0.943,0.014116,0.003
803,0.9591,0.941,0.014305,0.004
804,0.9617,0.94,0.014041,0.003
805,0.9612,0.943,0.014065,0.004
806,0.9613,0.938,0.014142,0.003
807,0.9617,0.943,0.014099,0.003
808,0.9608,0.939,0.014138,0.003
809,0.9624,0.946,0.013933,0.003
810,0.9602,0.944,0.014206,0.003
811,0.959,0.946,0.014348,0.004
812,0.9604,0.94,0.014175,0.004
813,0.9615,0.94,0.014011,0.003
814,0.962,0.939,0.013892,0.003
815,0.9608,0.935,0.014084,0.004
816,0.961,0.944,0.014046,0.004
817,0.9623,0.941,0.013874,0.004
818,0.9608,0.943,0.014136,0.004
819,0.9609,0.944,0.013978,0.003
820,0.9621,0.943,0.013795,0.003
821,0.963,0.942,0.013737,0.003
822,0.963,0.939,0.013796,0.004
823,0.9632,0.944,0.013722,0.003
824,0.9621,0.942,0.013671,0.003
825,0.9614,0.94,0.013748,0.003
826,0.9612,0.942,0.01393,0.003
827,0.9628,0.941,0.013722,0.003
828,0.9618,0.941,0.013603,0.004
829,0.9623,0.942,0.01374,0.004
830,0.9637,0.941,0.013671,0.004
831,0.9626,0.942,0.013738,0.004
832,0.9637,0.941,0.013589,0.004
833,0.9624,0.941,0.013642,0.004
834,0.9604,0.942,0.013933,0.004
835,0.9633,0.945,0.013529,0.004
836,0.9604,0.942,0.01416,0.004
837,0.9622,0.943,0.013681,0.004
838,0.9635,0.943,0.013493,0.004
839,0.9637,0.94,0.013496,0.004
840,0.9641,0.944,0.013508,0.004
841,0.9632,0.945,0.013502,0.003
842,0.9629,0.943,0.013439,0.003
843,0.9627,0.943,0.013502,0.003
844,0.9623,0.94,0.013479,0.004
845,0.9637,0.946,0.013484,0.003
846,0.9627,0.939,0.0136,0.004
847,0.9633,0.942,0.013498,0.004
848,0.9648,0.945,0.013338,0.003
849,0.9606,0.938,0.013827,0.004
850,0.9618,0.939,0.013703,0.004
851,0.964,0.943,0.013231,0.003
852,0.9638,0.94,0.013239,0.004
853,0.962,0.94,0.013443,0.004
854,0.9633,0.945,0.013206,0.004
855,0.9636,0.945,0.013316,0.004
856,0.9628,0.944,0.013427,0.004
857,0.9624,0.939,0.01339,0.004
858,0.9632,0.943,0.013255,0.004
859,0.9628,0.942,0.013307,0.003
860,0.964,0.942,0.013202,0.004
861,0.9642,0.943,0.013176,0.004
862,0.9639,0.948,0.013108,0.004
863,0.9637,0.941,0.013151,0.003
864,0.9626,0.941,0.01326,0.003
865,0.9641,0.941,0.01336,0.003
866,0.9626,0.94,0.013267,0.003
867,0.9626,0.942,0.013112,0.003
868,0.9637,0.942,0.013151,0.003
869,0.9629,0.944,0.013181,0.003
870,0.9648,0.946,0.012895,0.003
871,0.9654,0.944,0.012836,0.003
872,0.9644,0.943,0.012999,0.003
873,0.9656,0.946,0.012896,0.003
874,0.9643,0.942,0.012953,0.003
875,0.9637,0.942,0.013129,0.003
876,0.9651,0.943,0.012958,0.003
877,0.9643,0.946,0.01291,0.003
878,0.9647,0.947,0.012764,0.003
879,0.9625,0.94,0.013093,0.004
880,0.9628,0.943,0.013233,0.003
881,0.9642,0.943,0.01293,0.003
882,0.9655,0.942,0.012879,0.004
883,0.9649,0.945,0.012789,0.004
884,0.9656,0.943,0.01267,0.004
885,0.9656,0.944,0.012613,0.004
886,0.9654,0.946,0.012695,0.004
887,0.9647,0.947,0.012605,0.004
888,0.965,0.945,0.012897,0.003
889,0.9642,0.944,0.012896,0.004
890,0.9642,0.943,0.01275,0.004
891,0.9644,0.946,0.013041,0.003
892,0.9643,0.948,0.012694,0.004
893,0.9663,0.945,0.012543,0.003
894,0.9656,0.946,0.012617,0.004
895,0.9643,0.946,0.012621,0.004
896,0.9655,0.945,0.012562,0.003
897,0.9662,0.942,0.012692,0.004
898,0.9657,0.944,0.012635,0.004
899,0.966,0.946,0.012647,0.004
900,0.9663,0.943,0.01263,0.003
901,0.9662,0.943,0.012452,0.003
902,0.9662,0.944,0.012434,0.003
903,0.9661,0.946,0.012523,0.003
904,0.966,0.947,0.012374,0.003
905,0.9656,0.946,0.012515,0.003
906,0.9663,0.945,0.012551,0.003
907,0.9669,0.945,0.012344,0.003
908,0.9647,0.941,0.012662,0.003
909,0.9663,0.943,0.012559,0.003
910,0.9656,0.943,0.012427,0.003
911,0.9645,0.942,0.012846,0.003
912,0.9656,0.944,0.012521,0.003
913,0.9642,0.948,0.012603,0.003
914,0.9669,0.947,0.012306,0.003
915,0.9655,0.943,0.012377,0.003
916,0.9654,0.951,0.01258,0.003
917,0.9657,0.944,0.012391,0.003
918,0.9669,0.943,0.012266,0.004
919,0.9657,0.944,0.012377,0.003
920,0.9654,0.944,0.012466,0.004
921,0.9648,0.937,0.012487,0.003
922,0.9664,0.944,0.012173,0.003
923,0.9666,0.939,0.012209,0.003
924,0.9666,0.942,0.012156,0.004
925,0.9668,0.944,0.012112,0.004
926,0.9664,0.943,0.01204,0.004
927,0.9663,0.946,0.012173,0.004
928,0.9658,0.945,0.0124,0.004
929,0.9662,0.94,0.012128,0.004
930,0.9663,0.944,0.012123,0.004
931,0.9665,0.946,0.012312,0.004
932,0.9666,0.941,0.012059,0.004
933,0.9671,0.942,0.012099,0.004
934,0.9666,0.941,0.012273,0.004
935,0.9658,0.947,0.012088,0.003
936,0.9664,0.949,0.01208,0.004
937,0.9667,0.945,0.011953,0.004
938,0.9664,0.944,0.012034,0.004
939,0.9677,0.942,0.011941,0.004
940,0.9644,0.94,0.012431,0.004
941,0.9668,0.941,0.011939,0.003
942,0.9657,0.942,0.012184,0.004
943,0.9661,0.947,0.011896,0.004
944,0.9671,0.943,0.011945,0.004
945,0.9682,0.946,0.011832,0.004
946,0.9655,0.945,0.011836,0.004
947,0.9672,0.941,0.011756,0.004
948,0.9674,0.945,0.011908,0.004
949,0.9686,0.948,0.011753,0.004
950,0.9665,0.945,0.01181,0.004
951,0.9671,0.95,0.011943,0.004
952,0.9669,0.949,0.011913,0.004
953,0.9657,0.945,0.012418,0.004
954,0.9672,0.947,0.011693,0.004
955,0.9672,0.948,0.011934,0.003
956,0.968,0.943,0.011738,0.003
957,0.9669,0.942,0.01173,0.003
958,0.9662,0.943,0.011848,0.003
959,0.9658,0.942,0.011904,0.003
960,0.9674,0.945,0.011658,0.003
961,0.9669,0.949,0.011784,0.004
962,0.9678,0.944,0.011556,0.003
963,0.9662,0.945,0.012206,0.003
964,0.9683,0.943,0.011562,0.004
965,0.9689,0.946,0.011579,0.003
966,0.9681,0.948,0.011558,0.003
967,0.9689,0.948,0.011593,0.004
968,0.9679,0.944,0.011677,0.004
969,0.9683,0.944,0.011605,0.003
970,0.9682,0.946,0.011502,0.003
971,0.9686,0.947,0.011419,0.003
972,0.9689,0.944,0.011424,0.003
973,0.967,0.946,0.011671,0.004
974,0.9688,0.944,0.011524,0.004
975,0.9688,0.947,0.011391,0.004
976,0.9675,0.943,0.011721,0.004
977,0.9681,0.948,0.011455,0.004
978,0.9678,0.945,0.011422,0.004
979,0.9697,0.946,0.011399,0.004
980,0.9686,0.948,0.011447,0.004
981,0.9684,0.945,0.011372,0.003
982,0.9688,0.947,0.011408,0.004
983,0.969,0.947,0.011322,0.004
984,0.9682,0.951,0.011309,0.003
985,0.9686,0.944,0.011311,0.003
986,0.9683,0.949,0.0114,0.003
987,0.9683,0.951,0.011246,0.003
988,0.9689,0.944,0.011266,0.004
989,0.9679,0.949,0.011217,0.003
990,0.9689,0.947,0.011231,0.003
991,0.9685,0.948,0.011373,0.003
992,0.9704,0.947,0.011228,0.003
993,0.9693,0.946,0.011136,0.003
994,0.9702,0.946,0.011233,0.003
995,0.9697,0.944,0.011287,0.003
996,0.9685,0.946,0.011168,0.003
997,0.9677,0.949,0.011353,0.004
998,0.9672,0.949,0.01148,0.003
999,0.9676,0.946,0.011546,0.004
