step,NZ,total_W,sparsity,val_acc,d_manifold,d_W,prune_time_s,candidate_layer,candidate_i,candidate_j,layer_0_NZ,layer_1_NZ,layer_2_NZ
0,2160,2160,0.0,0.916,0.000000e+00,5.689984e-05,5.5866,0,6,0,1959,100,100
1,2159,2160,0.000463,0.916,0.000000e+00,5.734072e-05,2.6158,0,6,21,1958,100,100
2,2158,2160,0.000926,0.916,0.000000e+00,7.026572e-05,2.5853,0,6,6,1957,100,100
3,2157,2160,0.001389,0.916,0.000000e+00,1.059461e-04,2.6664,0,6,51,1956,100,100
4,2156,2160,0.001852,0.916,0.000000e+00,1.355160e-04,2.6744,0,6,28,1955,100,100
5,2155,2160,0.002315,0.916,0.000000e+00,1.879450e-04,2.6419,0,6,105,1954,100,100
6,2154,2160,0.002778,0.916,0.000000e+00,2.615431e-04,2.6109,0,6,67,1953,100,100
7,2153,2160,0.003241,0.916,0.000000e+00,2.791553e-04,2.6111,0,6,120,1952,100,100
8,2152,2160,0.003704,0.916,0.000000e+00,3.776712e-04,2.6062,0,6,136,1951,100,100
9,2151,2160,0.004167,0.916,0.000000e+00,3.873763e-04,2.6117,0,6,104,1950,100,100
10,2150,2160,0.00463,0.916,0.000000e+00,4.509844e-04,2.586,0,6,153,1949,100,100
11,2149,2160,0.005093,0.916,0.000000e+00,5.319796e-04,2.583,0,6,59,1948,100,100
12,2148,2160,0.005556,0.916,0.000000e+00,6.422311e-04,2.5648,0,6,190,1947,100,100
13,2147,2160,0.006019,0.916,0.000000e+00,6.511355e-04,2.607,0,6,15,1946,100,100
14,2146,2160,0.006481,0.916,0.000000e+00,6.755160e-04,2.5908,0,6,40,1945,100,100
15,2145,2160,0.006944,0.916,0.000000e+00,6.871196e-04,2.5625,0,6,140,1944,100,100
16,2144,2160,0.007407,0.916,0.000000e+00,7.478845e-04,2.5901,0,6,189,1943,100,100
17,2143,2160,0.00787,0.916,0.000000e+00,8.116362e-04,2.6074,1,0,5,1943,99,100
18,2142,2160,0.008333,0.916,0.000000e+00,8.400211e-04,2.6108,0,6,53,1942,99,100
19,2141,2160,0.008796,0.916,0.000000e+00,8.751014e-04,2.5692,2,5,0,1942,99,99
20,2140,2160,0.009259,0.916,0.000000e+00,9.647790e-04,2.6537,0,6,74,1941,99,99
21,2139,2160,0.009722,0.916,0.000000e+00,9.759305e-04,2.5634,0,6,33,1940,99,99
22,2138,2160,0.010185,0.916,0.000000e+00,1.009329e-03,2.601,0,6,188,1939,99,99
23,2137,2160,0.010648,0.916,0.000000e+00,1.016928e-03,2.6071,0,6,23,1938,99,99
24,2136,2160,0.011111,0.916,0.000000e+00,1.266644e-03,2.5951,0,6,137,1937,99,99
25,2135,2160,0.011574,0.916,0.000000e+00,1.382835e-03,2.6137,0,6,118,1936,99,99
26,2134,2160,0.012037,0.917,0.000000e+00,1.414653e-03,2.6459,0,6,75,1935,99,99
27,2133,2160,0.0125,0.917,0.000000e+00,1.539042e-03,2.6507,0,6,62,1934,99,99
28,2132,2160,0.012963,0.917,0.000000e+00,1.799538e-03,2.6115,0,6,20,1933,99,99
29,2131,2160,0.013426,0.917,0.000000e+00,1.863756e-03,2.6207,1,0,0,1933,98,99
30,2130,2160,0.013889,0.917,0.000000e+00,1.921759e-03,2.5701,0,6,24,1932,98,99
31,2129,2160,0.014352,0.917,0.000000e+00,1.956499e-03,2.5973,0,6,42,1931,98,99
32,2128,2160,0.014815,0.917,0.000000e+00,1.977193e-03,2.6149,0,6,194,1930,98,99
33,2127,2160,0.015278,0.917,0.000000e+00,2.008096e-03,2.595,0,6,171,1929,98,99
34,2126,2160,0.015741,0.917,0.000000e+00,2.089038e-03,2.5612,0,6,38,1928,98,99
35,2125,2160,0.016204,0.917,0.000000e+00,2.190075e-03,2.6025,0,6,72,1927,98,99
36,2124,2160,0.016667,0.917,0.000000e+00,2.296070e-03,2.6065,0,6,166,1926,98,99
37,2123,2160,0.01713,0.917,0.000000e+00,2.327863e-03,2.5897,0,6,172,1925,98,99
38,2122,2160,0.017593,0.917,0.000000e+00,2.359671e-03,2.5892,2,8,0,1925,98,98
39,2121,2160,0.018056,0.917,0.000000e+00,2.363296e-03,2.5986,0,6,37,1924,98,98
40,2120,2160,0.018519,0.917,0.000000e+00,2.376357e-03,2.5846,0,6,148,1923,98,98
41,2119,2160,0.018981,0.917,0.000000e+00,2.399735e-03,2.5746,0,6,18,1922,98,98
42,2118,2160,0.019444,0.917,0.000000e+00,2.426755e-03,2.601,0,6,57,1921,98,98
43,2117,2160,0.019907,0.917,0.000000e+00,2.492971e-03,2.5867,0,6,4,1920,98,98
44,2116,2160,0.02037,0.917,0.000000e+00,2.717119e-03,2.5934,0,6,43,1919,98,98
45,2115,2160,0.020833,0.917,0.000000e+00,2.802846e-03,2.5727,0,6,113,1918,98,98
46,2114,2160,0.021296,0.917,0.000000e+00,2.827419e-03,2.6455,0,6,81,1917,98,98
47,2113,2160,0.021759,0.917,0.000000e+00,2.909136e-03,2.6308,0,6,173,1916,98,98
48,2112,2160,0.022222,0.916,0.000000e+00,3.137874e-03,2.7398,1,8,6,1916,97,98
49,2111,2160,0.022685,0.916,0.000000e+00,3.162124e-03,2.6326,0,6,114,1915,97,98
50,2110,2160,0.023148,0.916,0.000000e+00,3.276661e-03,2.6285,0,6,187,1914,97,98
51,2109,2160,0.023611,0.916,0.000000e+00,3.354483e-03,2.6301,0,6,36,1913,97,98
52,2108,2160,0.024074,0.916,0.000000e+00,3.423426e-03,2.6197,0,6,2,1912,97,98
53,2107,2160,0.024537,0.916,0.000000e+00,3.490606e-03,2.6207,0,6,8,1911,97,98
54,2106,2160,0.025,0.916,0.000000e+00,3.625539e-03,2.5768,0,6,94,1910,97,98
55,2105,2160,0.025463,0.916,0.000000e+00,3.630354e-03,2.5753,0,6,9,1909,97,98
56,2104,2160,0.025926,0.916,0.000000e+00,3.739734e-03,2.5873,0,6,191,1908,97,98
57,2103,2160,0.026389,0.916,0.000000e+00,3.887787e-03,2.5956,0,6,84,1907,97,98
58,2102,2160,0.026852,0.916,0.000000e+00,3.892321e-03,2.5972,0,6,108,1906,97,98
59,2101,2160,0.027315,0.916,0.000000e+00,3.906704e-03,2.5856,0,6,127,1905,97,98
60,2100,2160,0.027778,0.916,0.000000e+00,4.187547e-03,2.5826,1,0,7,1905,96,98
61,2099,2160,0.028241,0.916,0.000000e+00,4.237622e-03,2.6057,0,6,180,1904,96,98
62,2098,2160,0.028704,0.916,0.000000e+00,4.386955e-03,2.5838,1,0,3,1904,95,98
63,2097,2160,0.029167,0.916,0.000000e+00,4.512192e-03,2.5623,2,6,0,1904,95,97
64,2096,2160,0.02963,0.916,0.000000e+00,4.529968e-03,2.6095,0,6,158,1903,95,97
65,2095,2160,0.030093,0.916,0.000000e+00,4.542419e-03,2.5948,0,6,126,1902,95,97
66,2094,2160,0.030556,0.916,0.000000e+00,4.630650e-03,2.5822,0,6,89,1901,95,97
67,2093,2160,0.031019,0.917,0.000000e+00,4.648936e-03,2.5811,0,6,132,1900,95,97
68,2092,2160,0.031481,0.917,0.000000e+00,4.693496e-03,2.5853,0,6,115,1899,95,97
69,2091,2160,0.031944,0.917,0.000000e+00,4.697940e-03,2.6194,0,6,133,1898,95,97
70,2090,2160,0.032407,0.917,0.000000e+00,4.727751e-03,2.5989,0,6,181,1897,95,97
71,2089,2160,0.03287,0.917,0.000000e+00,4.872074e-03,2.6011,0,6,128,1896,95,97
72,2088,2160,0.033333,0.917,0.000000e+00,4.966523e-03,2.5832,0,6,3,1895,95,97
73,2087,2160,0.033796,0.917,0.000000e+00,5.108892e-03,2.6744,0,6,159,1894,95,97
74,2086,2160,0.034259,0.917,0.000000e+00,5.319266e-03,2.6465,0,6,129,1893,95,97
75,2085,2160,0.034722,0.917,0.000000e+00,5.334481e-03,2.5978,0,6,29,1892,95,97
76,2084,2160,0.035185,0.917,0.000000e+00,5.393086e-03,2.6097,0,6,134,1891,95,97
77,2083,2160,0.035648,0.917,0.000000e+00,5.428353e-03,2.6021,0,6,170,1890,95,97
78,2082,2160,0.036111,0.917,0.000000e+00,5.636190e-03,2.6176,0,6,78,1889,95,97
79,2081,2160,0.036574,0.917,0.000000e+00,5.649884e-03,2.615,0,6,156,1888,95,97
80,2080,2160,0.037037,0.917,0.000000e+00,5.684475e-03,2.5838,0,6,138,1887,95,97
81,2079,2160,0.0375,0.917,0.000000e+00,5.716705e-03,2.6206,0,6,111,1886,95,97
82,2078,2160,0.037963,0.917,0.000000e+00,5.844791e-03,2.5891,0,6,106,1885,95,97
83,2077,2160,0.038426,0.917,0.000000e+00,5.886506e-03,2.5939,2,3,0,1885,95,96
84,2076,2160,0.038889,0.917,0.000000e+00,5.939323e-03,2.5832,0,6,177,1884,95,96
85,2075,2160,0.039352,0.917,0.000000e+00,6.134243e-03,2.5834,0,6,31,1883,95,96
86,2074,2160,0.039815,0.917,0.000000e+00,6.187781e-03,2.5879,0,6,160,1882,95,96
87,2073,2160,0.040278,0.917,0.000000e+00,6.198060e-03,2.5827,0,6,119,1881,95,96
88,2072,2160,0.040741,0.917,0.000000e+00,6.298928e-03,2.6142,0,6,130,1880,95,96
89,2071,2160,0.041204,0.917,0.000000e+00,6.327346e-03,2.5812,1,4,6,1880,94,96
90,2070,2160,0.041667,0.917,0.000000e+00,6.340904e-03,2.6683,0,6,60,1879,94,96
91,2069,2160,0.04213,0.917,0.000000e+00,6.372768e-03,2.5843,0,6,157,1878,94,96
92,2068,2160,0.042593,0.917,0.000000e+00,6.424742e-03,2.651,0,6,131,1877,94,96
93,2067,2160,0.043056,0.917,0.000000e+00,6.430098e-03,2.6055,0,6,146,1876,94,96
94,2066,2160,0.043519,0.917,0.000000e+00,6.461619e-03,2.5941,0,6,56,1875,94,96
95,2065,2160,0.043981,0.917,0.000000e+00,6.569455e-03,2.672,0,6,70,1874,94,96
96,2064,2160,0.044444,0.917,0.000000e+00,6.611300e-03,2.5741,0,6,110,1873,94,96
97,2063,2160,0.044907,0.917,0.000000e+00,6.619408e-03,2.5915,0,6,14,1872,94,96
98,2062,2160,0.04537,0.917,0.000000e+00,6.728343e-03,2.6005,0,6,123,1871,94,96
99,2061,2160,0.045833,0.917,0.000000e+00,6.807106e-03,2.6761,0,6,112,1870,94,96
100,2060,2160,0.046296,0.917,0.000000e+00,6.832110e-03,2.6006,0,6,80,1869,94,96
101,2059,2160,0.046759,0.917,0.000000e+00,6.894391e-03,2.5806,0,6,65,1868,94,96
102,2058,2160,0.047222,0.917,0.000000e+00,6.895029e-03,2.6219,0,6,61,1867,94,96
103,2057,2160,0.047685,0.917,0.000000e+00,7.018507e-03,2.5987,0,6,186,1866,94,96
104,2056,2160,0.048148,0.917,0.000000e+00,7.025445e-03,2.6327,0,6,30,1865,94,96
105,2055,2160,0.048611,0.917,0.000000e+00,7.148751e-03,2.5872,0,6,150,1864,94,96
106,2054,2160,0.049074,0.917,0.000000e+00,7.154397e-03,2.6095,0,6,193,1863,94,96
107,2053,2160,0.049537,0.917,0.000000e+00,7.273654e-03,2.6162,0,6,50,1862,94,96
108,2052,2160,0.05,0.917,0.000000e+00,7.285997e-03,2.7225,0,6,88,1861,94,96
109,2051,2160,0.050463,0.917,0.000000e+00,7.465823e-03,2.5957,0,6,41,1860,94,96
110,2050,2160,0.050926,0.917,0.000000e+00,7.540648e-03,2.6764,0,6,7,1859,94,96
111,2049,2160,0.051389,0.917,0.000000e+00,7.583330e-03,2.6826,0,6,26,1858,94,96
112,2048,2160,0.051852,0.917,0.000000e+00,7.643526e-03,2.7084,1,0,8,1858,93,96
113,2047,2160,0.052315,0.917,0.000000e+00,7.676195e-03,2.5923,0,6,91,1857,93,96
114,2046,2160,0.052778,0.917,0.000000e+00,7.702104e-03,2.6251,1,0,1,1857,92,96
115,2045,2160,0.053241,0.917,0.000000e+00,7.726777e-03,2.5744,0,6,10,1856,92,96
116,2044,2160,0.053704,0.917,0.000000e+00,7.763804e-03,2.6126,0,6,163,1855,92,96
117,2043,2160,0.054167,0.917,0.000000e+00,7.796101e-03,2.6072,0,6,17,1854,92,96
118,2042,2160,0.05463,0.917,0.000000e+00,7.798279e-03,2.6774,0,6,152,1853,92,96
119,2041,2160,0.055093,0.917,0.000000e+00,7.818899e-03,2.5888,0,6,164,1852,92,96
120,2040,2160,0.055556,0.917,0.000000e+00,7.859657e-03,2.6653,0,6,77,1851,92,96
121,2039,2160,0.056019,0.917,0.000000e+00,8.045632e-03,2.6345,0,6,64,1850,92,96
122,2038,2160,0.056481,0.917,0.000000e+00,8.095028e-03,2.585,0,6,143,1849,92,96
123,2037,2160,0.056944,0.917,0.000000e+00,8.131019e-03,2.5933,0,6,48,1848,92,96
124,2036,2160,0.057407,0.917,0.000000e+00,8.179034e-03,2.6409,0,6,149,1847,92,96
125,2035,2160,0.05787,0.917,0.000000e+00,8.214979e-03,2.6237,0,6,83,1846,92,96
126,2034,2160,0.058333,0.917,0.000000e+00,8.315158e-03,2.5847,0,6,144,1845,92,96
127,2033,2160,0.058796,0.917,0.000000e+00,8.906665e-03,2.5942,0,6,85,1844,92,96
128,2032,2160,0.059259,0.917,0.000000e+00,8.987253e-03,2.6177,0,6,90,1843,92,96
129,2031,2160,0.059722,0.917,0.000000e+00,9.236403e-03,2.5703,0,6,183,1842,92,96
130,2030,2160,0.060185,0.917,0.000000e+00,9.309210e-03,2.5727,0,6,71,1841,92,96
131,2029,2160,0.060648,0.917,0.000000e+00,9.406386e-03,2.5354,0,6,135,1840,92,96
132,2028,2160,0.061111,0.917,0.000000e+00,9.526075e-03,2.6112,0,6,117,1839,92,96
133,2027,2160,0.061574,0.917,0.000000e+00,9.586588e-03,2.5823,0,6,103,1838,92,96
134,2026,2160,0.062037,0.917,0.000000e+00,9.631104e-03,2.6162,0,6,54,1837,92,96
135,2025,2160,0.0625,0.917,0.000000e+00,9.800349e-03,2.5791,0,6,13,1836,92,96
136,2024,2160,0.062963,0.917,0.000000e+00,9.895488e-03,2.625,0,6,182,1835,92,96
137,2023,2160,0.063426,0.917,0.000000e+00,9.950364e-03,2.6628,0,6,155,1834,92,96
138,2022,2160,0.063889,0.917,0.000000e+00,9.970072e-03,2.6055,0,6,109,1833,92,96
139,2021,2160,0.064352,0.917,6.428047e-04,9.973673e-03,2.6088,1,0,6,1833,91,96
140,2020,2160,0.064815,0.917,6.428047e-04,1.014595e-02,2.6523,0,6,79,1832,91,96
141,2019,2160,0.065278,0.916,6.434671e-04,1.020449e-02,2.6034,0,6,86,1831,91,96
142,2018,2160,0.065741,0.916,6.438633e-04,1.058139e-02,2.5911,0,6,35,1830,91,96
143,2017,2160,0.066204,0.916,6.513813e-04,1.000212e-02,2.6231,0,6,176,1829,91,96
144,2016,2160,0.066667,0.916,6.511051e-04,1.071396e-02,2.5789,0,6,46,1828,91,96
145,2015,2160,0.06713,0.916,9.213700e-04,1.049247e-02,2.5928,0,6,195,1827,91,96
146,2014,2160,0.067593,0.916,9.215196e-04,1.049970e-02,2.5781,1,0,9,1827,90,96
147,2013,2160,0.068056,0.916,9.215196e-04,1.112661e-02,2.6076,0,6,142,1826,90,96
148,2012,2160,0.068519,0.916,9.212232e-04,9.815003e-03,2.6058,0,6,16,1825,90,96
149,2011,2160,0.068981,0.916,9.213273e-04,1.082802e-02,2.5789,1,0,4,1825,89,96
150,2010,2160,0.069444,0.916,9.213273e-04,1.106481e-02,2.5987,0,6,44,1824,89,96
151,2009,2160,0.069907,0.916,1.676274e-03,1.087522e-02,2.5814,0,6,101,1823,89,96
152,2008,2160,0.07037,0.916,2.023005e-03,1.125077e-02,2.582,0,6,147,1822,89,96
153,2007,2160,0.070833,0.917,2.023316e-03,1.148615e-02,2.6366,0,6,141,1821,89,96
154,2006,2160,0.071296,0.917,2.023332e-03,1.126600e-02,2.5989,0,6,102,1820,89,96
155,2005,2160,0.071759,0.917,2.594659e-03,1.323687e-02,2.5928,0,6,25,1819,89,96
156,2004,2160,0.072222,0.917,3.405604e-03,1.219627e-02,2.5986,0,6,1,1818,89,96
157,2003,2160,0.072685,0.917,3.795767e-03,1.304115e-02,2.5912,0,6,12,1817,89,96
158,2002,2160,0.073148,0.917,3.832419e-03,1.315092e-02,2.5923,0,6,174,1816,89,96
159,2001,2160,0.073611,0.917,3.831881e-03,1.616663e-02,2.5841,0,6,55,1815,89,96
160,2000,2160,0.074074,0.916,4.720605e-03,1.972661e-02,2.5912,0,6,168,1814,89,96
161,1999,2160,0.074537,0.916,1.050936e-02,2.281738e-02,2.6198,0,6,125,1813,89,96
162,1998,2160,0.075,0.917,1.233254e-02,1.158697e-02,2.6174,2,7,0,1813,89,95
163,1997,2160,0.075463,0.917,1.233254e-02,1.256231e-02,2.6258,1,0,2,1813,88,95
164,1996,2160,0.075926,0.917,1.233254e-02,1.296852e-02,2.6587,2,1,0,1813,88,94
165,1995,2160,0.076389,0.917,1.233254e-02,1.361023e-02,2.6807,2,2,0,1813,88,93
166,1994,2160,0.076852,0.917,1.233254e-02,1.457766e-02,2.5994,2,0,0,1813,88,92
167,1993,2160,0.077315,0.917,1.233254e-02,6.040411e-02,2.6186,0,6,92,1812,88,92
168,1992,2160,0.077778,0.916,2.290367e-01,1.851887e-02,2.5678,2,9,0,1812,88,91
169,1991,2160,0.078241,0.916,2.290367e-01,2.006271e-02,2.6101,2,4,0,1812,88,90
170,1990,2160,0.078704,0.916,2.290367e-01,1.292389e-03,2.5855,0,8,7,1811,88,90
171,1989,2160,0.079167,0.916,2.290219e-01,7.821227e-03,2.6539,0,5,156,1810,88,90
172,1988,2160,0.07963,0.916,2.291683e-01,1.628476e-02,2.6407,0,3,55,1809,88,90
173,1987,2160,0.080093,0.916,2.292049e-01,1.235110e-02,2.5933,0,1,175,1808,88,90
174,1986,2160,0.080556,0.916,2.294453e-01,5.391113e-03,2.6236,0,6,179,1807,88,90
175,1985,2160,0.081019,0.916,2.294487e-01,2.644681e-03,2.6043,2,6,2,1807,88,89
176,1984,2160,0.081481,0.916,2.294613e-01,6.655292e-03,2.6246,0,2,169,1806,88,89
177,1983,2160,0.081944,0.916,2.294512e-01,4.971785e-03,2.5751,1,4,3,1806,87,89
178,1982,2160,0.082407,0.916,2.294910e-01,1.243345e-02,2.572,0,2,14,1805,87,89
179,1981,2160,0.08287,0.916,2.294874e-01,5.853369e-03,2.5889,0,2,25,1804,87,89
180,1980,2160,0.083333,0.916,2.294977e-01,1.217657e-03,2.6534,0,6,169,1803,87,89
181,1979,2160,0.083796,0.916,2.295110e-01,4.993330e-04,2.6501,0,9,30,1802,87,89
182,1978,2160,0.084259,0.916,2.295337e-01,1.543984e-02,2.6139,2,1,8,1802,87,88
183,1977,2160,0.084722,0.916,2.295182e-01,3.001400e-02,2.6149,0,3,170,1801,87,88
184,1976,2160,0.085185,0.916,2.305672e-01,6.092856e-03,2.6442,0,4,67,1800,87,88
185,1975,2160,0.085648,0.917,2.305833e-01,1.344093e-02,2.632,2,4,9,1800,87,87
186,1974,2160,0.086111,0.916,2.305802e-01,7.670013e-03,2.5584,2,7,4,1800,87,86
187,1973,2160,0.086574,0.916,2.306779e-01,1.449442e-02,2.6001,0,2,119,1799,87,86
188,1972,2160,0.087037,0.916,2.312126e-01,2.002961e-02,2.6007,2,0,5,1799,87,85
189,1971,2160,0.0875,0.917,2.325255e-01,2.497615e-02,2.6081,0,1,4,1798,87,85
190,1970,2160,0.087963,0.917,2.327433e-01,1.520098e-03,2.6048,1,2,6,1798,86,85
191,1969,2160,0.088426,0.917,2.327499e-01,5.536252e-02,2.6284,0,9,40,1797,86,85
192,1968,2160,0.088889,0.917,2.345154e-01,9.002166e-04,2.6329,2,2,7,1797,86,84
193,1967,2160,0.089352,0.917,2.345272e-01,8.424420e-03,2.5942,0,5,75,1796,86,84
194,1966,2160,0.089815,0.916,2.347817e-01,8.823154e-03,2.6095,0,9,4,1795,86,84
195,1965,2160,0.090278,0.916,2.350051e-01,5.055114e-03,2.5886,1,1,5,1795,85,84
196,1964,2160,0.090741,0.917,2.351874e-01,1.919868e-02,2.576,2,6,6,1795,85,83
197,1963,2160,0.091204,0.917,2.353990e-01,5.990247e-04,2.6205,0,9,42,1794,85,83
198,1962,2160,0.091667,0.917,2.355669e-01,4.336088e-02,2.624,0,5,29,1793,85,83
199,1961,2160,0.09213,0.917,2.360386e-01,5.615817e-03,2.6163,2,8,1,1793,85,82
200,1960,2160,0.092593,0.917,2.359623e-01,1.219362e-03,2.6467,0,9,73,1792,85,82
201,1959,2160,0.093056,0.917,2.363001e-01,6.992896e-03,2.583,0,3,123,1791,85,82
202,1958,2160,0.093519,0.917,2.364218e-01,7.185665e-03,2.5929,0,1,115,1790,85,82
203,1957,2160,0.093981,0.917,2.372046e-01,2.164293e-03,2.6439,0,1,41,1789,85,82
204,1956,2160,0.094444,0.917,2.373997e-01,7.289537e-03,2.5986,0,8,25,1788,85,82
205,1955,2160,0.094907,0.917,2.383425e-01,1.145807e-03,2.6392,0,9,54,1787,85,82
206,1954,2160,0.09537,0.917,2.388648e-01,2.543842e-03,2.5896,0,9,75,1786,85,82
207,1953,2160,0.095833,0.917,2.395708e-01,2.671670e-03,2.6265,0,3,191,1785,85,82
208,1952,2160,0.096296,0.917,2.400018e-01,6.301842e-03,2.5965,0,6,145,1784,85,82
209,1951,2160,0.096759,0.916,2.403028e-01,1.892441e-03,2.617,0,9,104,1783,85,82
210,1950,2160,0.097222,0.916,2.410160e-01,4.880442e-03,2.6169,0,6,139,1782,85,82
211,1949,2160,0.097685,0.917,2.411165e-01,1.812051e-03,2.6031,0,9,184,1781,85,82
212,1948,2160,0.098148,0.917,2.417856e-01,7.753947e-03,2.5826,0,9,87,1780,85,82
213,1947,2160,0.098611,0.917,2.429148e-01,2.784953e-03,2.6009,0,9,137,1779,85,82
214,1946,2160,0.099074,0.917,2.436813e-01,3.395993e-02,2.5811,0,3,138,1778,85,82
215,1945,2160,0.099537,0.918,3.182008e-01,1.447934e-02,2.5804,1,8,5,1778,84,82
216,1944,2160,0.1,0.918,3.184270e-01,4.949681e-04,2.5875,0,0,153,1777,84,82
217,1943,2160,0.100463,0.918,3.189219e-01,6.947456e-03,2.5861,0,6,19,1776,84,82
218,1942,2160,0.100926,0.918,3.196553e-01,1.186746e-02,2.5994,2,2,2,1776,84,81
219,1941,2160,0.101389,0.918,3.268614e-01,1.175573e-02,2.5918,0,1,21,1775,84,81
220,1940,2160,0.101852,0.918,3.288691e-01,5.561733e-03,2.5886,0,3,143,1774,84,81
221,1939,2160,0.102315,0.918,3.284457e-01,2.872057e-02,2.6004,0,2,185,1773,84,81
222,1938,2160,0.102778,0.918,8.138749e-01,7.725767e-04,2.6106,2,0,7,1773,84,80
223,1937,2160,0.103241,0.918,8.153708e-01,2.472400e-02,2.6167,1,9,6,1773,83,80
224,1936,2160,0.103704,0.918,8.730274e-01,1.598560e-03,2.6051,0,3,158,1772,83,80
225,1935,2160,0.104167,0.918,8.714474e-01,8.390284e-03,2.6767,0,4,73,1771,83,80
226,1934,2160,0.10463,0.918,8.716290e-01,4.040303e-02,2.5922,1,2,5,1771,82,80
227,1933,2160,0.105093,0.919,1.335273e+00,9.006700e-03,2.5801,0,6,96,1770,82,80
228,1932,2160,0.105556,0.919,1.334949e+00,2.050057e-02,2.6061,0,3,131,1769,82,80
229,1931,2160,0.106019,0.918,1.338189e+00,6.578515e-03,2.5898,0,2,182,1768,82,80
230,1930,2160,0.106481,0.919,1.344749e+00,1.161735e-02,2.5957,0,8,4,1767,82,80
231,1929,2160,0.106944,0.919,1.358895e+00,2.443629e-03,2.5961,0,3,92,1766,82,80
232,1928,2160,0.107407,0.919,1.356067e+00,1.839529e-03,2.6414,0,9,194,1765,82,80
233,1927,2160,0.10787,0.919,1.359822e+00,2.015691e-02,2.5865,1,6,6,1765,81,80
234,1926,2160,0.108333,0.919,1.358897e+00,7.528057e-03,2.5931,1,5,6,1765,80,80
235,1925,2160,0.108796,0.919,1.358840e+00,1.959491e-03,2.5863,0,9,154,1764,80,80
236,1924,2160,0.109259,0.919,1.358132e+00,4.609032e-03,2.5847,1,9,0,1764,79,80
237,1923,2160,0.109722,0.919,1.360537e+00,1.090261e-02,2.6041,0,6,167,1763,79,80
238,1922,2160,0.110185,0.919,1.361747e+00,1.131358e-02,2.5928,0,6,49,1762,79,80
239,1921,2160,0.110648,0.918,1.361053e+00,5.509084e-02,2.6114,2,6,3,1762,79,79
240,1920,2160,0.111111,0.918,1.372036e+00,8.817177e-03,2.5931,0,2,32,1761,79,79
241,1919,2160,0.111574,0.919,1.356573e+00,1.260535e-02,2.5864,0,9,28,1760,79,79
242,1918,2160,0.112037,0.917,1.372371e+00,9.245512e-03,2.6547,0,4,31,1759,79,79
243,1917,2160,0.1125,0.917,1.394486e+00,5.848860e-03,2.5943,1,1,2,1759,78,79
244,1916,2160,0.112963,0.917,1.405946e+00,2.209674e-03,2.5811,0,3,27,1758,78,79
245,1915,2160,0.113426,0.917,1.408103e+00,3.448454e-03,2.6068,0,2,195,1757,78,79
246,1914,2160,0.113889,0.917,1.414210e+00,7.913888e-04,2.6501,0,0,68,1756,78,79
247,1913,2160,0.114352,0.917,1.417321e+00,4.090445e-04,2.6529,0,7,155,1755,78,79
248,1912,2160,0.114815,0.917,1.421080e+00,1.510043e-02,2.5938,0,8,61,1754,78,79
249,1911,2160,0.115278,0.917,1.416880e+00,9.005792e-03,2.6484,0,1,62,1753,78,79
250,1910,2160,0.115741,0.917,1.432754e+00,9.565263e-03,2.6326,0,6,11,1752,78,79
251,1909,2160,0.116204,0.917,1.435759e+00,3.114070e-03,2.5682,0,8,98,1751,78,79
252,1908,2160,0.116667,0.917,1.445123e+00,3.701299e-03,2.6198,0,2,167,1750,78,79
253,1907,2160,0.11713,0.917,1.453203e+00,1.186032e-02,2.5957,0,6,185,1749,78,79
254,1906,2160,0.117593,0.917,1.455650e+00,1.162725e-02,2.5954,0,6,68,1748,78,79
255,1905,2160,0.118056,0.917,1.458972e+00,1.507412e-02,2.6138,0,6,58,1747,78,79
256,1904,2160,0.118519,0.918,1.461500e+00,1.254493e-02,2.6217,0,6,122,1746,78,79
257,1903,2160,0.118981,0.918,1.463858e+00,1.768370e-02,2.6323,1,3,6,1746,77,79
258,1902,2160,0.119444,0.918,1.466667e+00,3.114042e-03,2.6305,0,9,9,1745,77,79
259,1901,2160,0.119907,0.918,1.472665e+00,7.979911e-03,2.6211,0,6,32,1744,77,79
260,1900,2160,0.12037,0.918,1.475992e+00,6.861044e-03,2.6106,0,6,100,1743,77,79
261,1899,2160,0.120833,0.918,1.477105e+00,3.985325e-03,2.6112,0,9,164,1742,77,79
262,1898,2160,0.121296,0.918,1.496166e+00,6.332546e-03,2.6032,0,9,95,1741,77,79
263,1897,2160,0.121759,0.917,1.509557e+00,3.054321e-03,2.6364,0,9,152,1740,77,79
264,1896,2160,0.122222,0.917,1.516189e+00,3.983760e-03,2.6144,0,3,112,1739,77,79
265,1895,2160,0.122685,0.918,1.521285e+00,4.918156e-03,2.6826,0,9,193,1738,77,79
266,1894,2160,0.123148,0.918,1.540212e+00,3.348378e-02,2.5899,2,8,8,1738,77,78
267,1893,2160,0.123611,0.918,1.666838e+00,7.472171e-03,2.5742,0,2,99,1737,77,78
268,1892,2160,0.124074,0.918,1.675241e+00,9.709791e-03,2.6061,1,5,0,1737,76,78
269,1891,2160,0.124537,0.918,1.673489e+00,9.074552e-03,2.5866,0,8,183,1736,76,78
270,1890,2160,0.125,0.918,1.682155e+00,4.287821e-03,2.5587,0,9,175,1735,76,78
271,1889,2160,0.125463,0.918,1.690363e+00,2.337260e-01,2.6061,0,3,180,1734,76,78
272,1888,2160,0.125926,0.913,7.228485e+02,4.518005e-04,2.6153,0,4,9,1733,76,78
273,1887,2160,0.126389,0.913,7.228554e+02,8.975578e-04,2.6016,0,2,113,1732,76,78
274,1886,2160,0.126852,0.913,7.228772e+02,8.831173e-03,2.6211,0,1,65,1731,76,78
275,1885,2160,0.127315,0.913,7.225415e+02,4.499411e-03,2.6332,0,9,132,1730,76,78
276,1884,2160,0.127778,0.913,7.227073e+02,3.281133e-02,2.6432,0,9,126,1729,76,78
277,1883,2160,0.128241,0.913,7.215581e+02,5.557524e-05,2.6473,0,9,92,1728,76,78
278,1882,2160,0.128704,0.913,7.215577e+02,3.176740e-04,2.6108,0,4,50,1727,76,78
279,1881,2160,0.129167,0.913,7.215331e+02,2.890418e-04,2.5966,0,1,193,1726,76,78
280,1880,2160,0.12963,0.913,7.215137e+02,8.146073e-04,2.6662,0,0,116,1725,76,78
281,1879,2160,0.130093,0.913,7.214879e+02,1.822059e-03,2.6595,0,8,88,1724,76,78
282,1878,2160,0.130556,0.913,7.213013e+02,1.218413e-03,2.6283,0,9,179,1723,76,78
283,1877,2160,0.131019,0.913,7.212773e+02,7.165477e-03,2.6269,2,8,2,1723,76,77
284,1876,2160,0.131481,0.913,7.210677e+02,9.948348e-04,2.6058,0,8,112,1722,76,77
285,1875,2160,0.131944,0.913,7.211055e+02,2.651653e-03,2.6223,0,3,10,1721,76,77
286,1874,2160,0.132407,0.913,7.211912e+02,3.255160e-03,2.5847,0,8,57,1720,76,77
287,1873,2160,0.13287,0.913,7.213398e+02,3.496659e-03,2.597,0,2,8,1719,76,77
288,1872,2160,0.133333,0.913,7.210659e+02,1.769470e-03,2.587,0,5,27,1718,76,77
289,1871,2160,0.133796,0.913,7.210820e+02,1.303602e-02,2.5862,0,6,154,1717,76,77
290,1870,2160,0.134259,0.913,7.210773e+02,1.041172e-02,2.5963,0,6,161,1716,76,77
291,1869,2160,0.134722,0.913,7.210964e+02,9.070183e-03,2.6041,0,6,34,1715,76,77
292,1868,2160,0.135185,0.913,7.210806e+02,6.502519e-03,2.5659,0,6,22,1714,76,77
293,1867,2160,0.135648,0.913,7.211493e+02,5.696369e-03,2.5974,0,6,107,1713,76,77
294,1866,2160,0.136111,0.913,7.211616e+02,7.682957e-03,2.5999,0,9,99,1712,76,77
295,1865,2160,0.136574,0.913,7.205894e+02,8.877741e-03,2.6025,0,6,45,1711,76,77
296,1864,2160,0.137037,0.913,7.205523e+02,8.953301e-03,2.6085,0,6,184,1710,76,77
297,1863,2160,0.1375,0.913,7.205035e+02,4.759605e-03,2.5889,0,8,47,1709,76,77
298,1862,2160,0.137963,0.913,7.204214e+02,8.326186e-03,2.5869,0,6,165,1708,76,77
299,1861,2160,0.138426,0.913,7.204688e+02,6.994735e-03,2.5973,0,6,66,1707,76,77
300,1860,2160,0.138889,0.913,7.205225e+02,4.168124e-03,2.6251,0,9,84,1706,76,77
301,1859,2160,0.139352,0.914,7.207836e+02,3.942278e-03,2.6422,0,9,157,1705,76,77
302,1858,2160,0.139815,0.914,7.207903e+02,4.811803e-03,2.6276,0,9,26,1704,76,77
303,1857,2160,0.140278,0.914,7.210720e+02,6.715757e-03,2.626,0,9,33,1703,76,77
304,1856,2160,0.140741,0.913,7.204927e+02,1.122686e-02,2.608,0,6,82,1702,76,77
305,1855,2160,0.141204,0.914,7.207747e+02,6.718645e-03,2.6078,0,6,5,1701,76,77
306,1854,2160,0.141667,0.914,7.207844e+02,9.499348e-03,2.5822,0,6,69,1700,76,77
307,1853,2160,0.14213,0.914,7.208013e+02,5.873116e-03,2.6252,0,6,178,1699,76,77
308,1852,2160,0.142593,0.914,7.210425e+02,7.773666e-03,2.6269,0,6,124,1698,76,77
309,1851,2160,0.143056,0.914,7.210183e+02,4.664138e-03,2.599,0,9,1,1697,76,77
310,1850,2160,0.143519,0.914,7.210837e+02,1.503950e-02,2.6094,0,6,52,1696,76,77
311,1849,2160,0.143981,0.914,7.208036e+02,5.592489e-03,2.5955,0,6,98,1695,76,77
312,1848,2160,0.144444,0.914,7.207884e+02,7.917999e-03,2.6137,0,9,103,1694,76,77
313,1847,2160,0.144907,0.914,7.214062e+02,5.323494e-03,2.6328,0,6,121,1693,76,77
314,1846,2160,0.14537,0.914,7.214556e+02,6.674436e-03,2.6082,0,9,192,1692,76,77
315,1845,2160,0.145833,0.913,7.209514e+02,2.139767e-02,2.6266,0,2,68,1691,76,77
316,1844,2160,0.146296,0.914,7.228205e+02,4.313859e-03,2.622,0,9,185,1690,76,77
317,1843,2160,0.146759,0.914,7.225400e+02,7.819261e-03,2.6944,0,3,103,1689,76,77
318,1842,2160,0.147222,0.914,7.219614e+02,9.294958e-03,2.6229,2,3,6,1689,76,76
319,1841,2160,0.147685,0.914,7.228600e+02,1.061175e-02,2.6022,0,4,79,1688,76,76
320,1840,2160,0.148148,0.914,7.238496e+02,7.456808e-03,2.6342,0,5,88,1687,76,76
321,1839,2160,0.148611,0.914,7.241689e+02,1.251554e-02,2.624,1,3,1,1687,75,76
322,1838,2160,0.149074,0.914,7.245591e+02,1.539038e-03,2.6135,1,9,5,1687,74,76
323,1837,2160,0.149537,0.914,7.246069e+02,2.948557e-03,2.6241,0,2,21,1686,74,76
324,1836,2160,0.15,0.914,7.246554e+02,3.861741e-03,2.6345,0,9,2,1685,74,76
325,1835,2160,0.150463,0.914,7.247301e+02,4.005214e-03,2.6022,0,5,140,1684,74,76
326,1834,2160,0.150926,0.914,7.248552e+02,4.860548e-03,2.6012,0,6,162,1683,74,76
327,1833,2160,0.151389,0.914,7.248549e+02,4.275321e-03,2.5985,0,6,63,1682,74,76
328,1832,2160,0.151852,0.914,7.248957e+02,5.749213e-03,2.6011,0,9,77,1681,74,76
329,1831,2160,0.152315,0.914,7.248413e+02,1.529112e-03,2.5881,0,0,155,1680,74,76
330,1830,2160,0.152778,0.914,7.249643e+02,4.965213e-03,2.6532,0,6,76,1679,74,76
331,1829,2160,0.153241,0.914,7.249093e+02,4.253280e-03,2.5999,0,6,87,1678,74,76
332,1828,2160,0.153704,0.914,7.249451e+02,3.157541e-03,2.6073,0,6,99,1677,74,76
333,1827,2160,0.154167,0.914,7.249409e+02,4.317596e-03,2.6662,0,6,175,1676,74,76
334,1826,2160,0.15463,0.914,7.249578e+02,2.797474e-03,2.6107,0,6,73,1675,74,76
335,1825,2160,0.155093,0.914,7.250258e+02,3.198750e-03,2.6074,0,6,97,1674,74,76
336,1824,2160,0.155556,0.914,7.251051e+02,4.794879e-03,2.5919,0,3,166,1673,74,76
337,1823,2160,0.156019,0.914,7.252395e+02,3.498485e-03,2.5928,0,6,192,1672,74,76
338,1822,2160,0.156481,0.914,7.252783e+02,3.341023e-03,2.624,0,6,93,1671,74,76
339,1821,2160,0.156944,0.914,7.253304e+02,3.116855e-03,2.6473,0,6,151,1670,74,76
340,1820,2160,0.157407,0.914,7.253523e+02,3.382452e-03,2.6592,0,6,27,1669,74,76
341,1819,2160,0.15787,0.914,7.254604e+02,3.026438e-03,2.6297,0,6,39,1668,74,76
342,1818,2160,0.158333,0.914,7.254137e+02,4.842933e-03,2.6528,0,2,120,1667,74,76
343,1817,2160,0.158796,0.914,7.250418e+02,5.604240e-03,2.6638,0,9,102,1666,74,76
344,1816,2160,0.159259,0.914,7.249799e+02,5.809738e-03,2.633,0,2,59,1665,74,76
345,1815,2160,0.159722,0.914,7.247197e+02,5.007044e-03,2.6111,0,9,19,1664,74,76
346,1814,2160,0.160185,0.914,7.247542e+02,4.827016e-03,2.6639,0,9,181,1663,74,76
347,1813,2160,0.160648,0.914,7.247886e+02,5.029369e-03,2.6473,0,9,38,1662,74,76
348,1812,2160,0.161111,0.914,7.249619e+02,5.519753e-03,2.6273,0,9,171,1661,74,76
349,1811,2160,0.161574,0.914,7.249518e+02,6.172083e-03,2.6184,0,3,44,1660,74,76
350,1810,2160,0.162037,0.913,7.248822e+02,7.373246e-03,2.5971,0,8,180,1659,74,76
351,1809,2160,0.1625,0.913,7.256334e+02,6.213189e-03,2.6177,0,9,7,1658,74,76
352,1808,2160,0.162963,0.913,7.258340e+02,1.335007e-03,2.6277,0,0,163,1657,74,76
353,1807,2160,0.163426,0.913,7.259393e+02,4.510011e-03,2.61,0,6,95,1656,74,76
354,1806,2160,0.163889,0.913,7.259983e+02,8.663826e-03,2.6125,0,8,150,1655,74,76
355,1805,2160,0.164352,0.913,7.257367e+02,1.311895e-03,2.6004,0,0,158,1654,74,76
356,1804,2160,0.164815,0.913,7.257770e+02,6.381010e-03,2.7115,0,9,155,1653,74,76
357,1803,2160,0.165278,0.913,7.257560e+02,6.142186e-03,2.7347,0,1,152,1652,74,76
358,1802,2160,0.165741,0.914,7.262809e+02,2.355247e-02,2.7137,1,7,5,1652,73,76
359,1801,2160,0.166204,0.916,7.283880e+02,1.304149e-02,2.6352,2,6,8,1652,73,75
360,1800,2160,0.166667,0.916,7.298168e+02,9.472227e-03,2.5811,0,9,156,1651,73,75
361,1799,2160,0.16713,0.915,7.297030e+02,1.657381e-03,2.6328,0,8,11,1650,73,75
362,1798,2160,0.167593,0.915,7.299293e+02,7.831699e-03,2.5907,0,1,97,1649,73,75
363,1797,2160,0.168056,0.916,7.299330e+02,6.637281e-03,2.6655,0,3,56,1648,73,75
364,1796,2160,0.168519,0.916,7.301340e+02,7.648595e-03,2.6349,0,9,124,1647,73,75
365,1795,2160,0.168981,0.916,7.303693e+02,4.475184e-03,2.6001,0,8,111,1646,73,75
366,1794,2160,0.169444,0.916,7.311672e+02,1.822281e-02,2.6505,2,1,7,1646,73,74
367,1793,2160,0.169907,0.916,7.309353e+02,7.253925e-03,2.6406,0,2,56,1645,73,74
368,1792,2160,0.17037,0.916,7.300750e+02,3.955529e-03,2.6015,0,4,71,1644,73,74
369,1791,2160,0.170833,0.916,7.303333e+02,2.273090e-03,2.6195,0,5,2,1643,73,74
370,1790,2160,0.171296,0.916,7.302736e+02,6.219205e-03,2.5856,0,2,111,1642,73,74
371,1789,2160,0.171759,0.916,7.300839e+02,2.030912e-03,2.6047,0,7,188,1641,73,74
372,1788,2160,0.172222,0.916,7.302670e+02,3.596471e-03,2.593,0,7,56,1640,73,74
373,1787,2160,0.172685,0.916,7.300567e+02,7.953410e-03,2.5905,0,9,5,1639,73,74
374,1786,2160,0.173148,0.915,7.299582e+02,5.098199e-03,2.6147,0,9,29,1638,73,74
375,1785,2160,0.173611,0.915,7.298551e+02,7.552147e-03,2.6162,0,9,106,1637,73,74
376,1784,2160,0.174074,0.915,7.296268e+02,5.376184e-03,2.6138,0,9,25,1636,73,74
377,1783,2160,0.174537,0.915,7.295466e+02,8.107257e-03,2.6159,0,9,98,1635,73,74
378,1782,2160,0.175,0.915,7.298854e+02,2.852750e-03,2.5903,0,3,98,1634,73,74
379,1781,2160,0.175463,0.915,7.295919e+02,6.212430e-03,2.5645,0,0,94,1633,73,74
380,1780,2160,0.175926,0.915,7.296146e+02,7.570369e-03,2.6704,0,4,15,1632,73,74
381,1779,2160,0.176389,0.914,7.300965e+02,8.996559e-03,2.6129,0,1,46,1631,73,74
382,1778,2160,0.176852,0.914,7.302754e+02,8.169581e-03,2.6619,0,9,13,1630,73,74
383,1777,2160,0.177315,0.914,7.303208e+02,9.466001e-03,2.6109,0,2,151,1629,73,74
384,1776,2160,0.177778,0.914,7.306951e+02,3.863793e-02,2.5978,2,4,2,1629,73,73
385,1775,2160,0.178241,0.914,7.309549e+02,3.325174e-03,2.6076,0,0,151,1628,73,73
386,1774,2160,0.178704,0.914,7.315092e+02,1.194372e-02,2.6332,0,5,180,1627,73,73
387,1773,2160,0.179167,0.914,7.336404e+02,1.014117e-02,2.6086,0,4,194,1626,73,73
388,1772,2160,0.17963,0.914,7.357041e+02,1.393447e-02,2.6655,1,9,3,1626,72,73
389,1771,2160,0.180093,0.914,7.404351e+02,1.039816e-02,2.5795,2,1,9,1626,72,72
390,1770,2160,0.180556,0.913,7.440558e+02,1.219268e-02,2.5907,0,8,146,1625,72,72
391,1769,2160,0.181019,0.913,7.425930e+02,7.344755e-03,2.6146,0,9,114,1624,72,72
392,1768,2160,0.181481,0.912,7.426316e+02,7.715893e-03,2.6181,0,9,109,1623,72,72
393,1767,2160,0.181944,0.913,7.427347e+02,8.505571e-03,2.6293,0,2,153,1622,72,72
394,1766,2160,0.182407,0.913,7.424411e+02,1.548093e-02,2.6035,0,9,153,1621,72,72
395,1765,2160,0.18287,0.913,7.435893e+02,1.122507e-02,2.6697,0,9,119,1620,72,72
396,1764,2160,0.183333,0.912,7.454594e+02,2.484823e-03,2.6258,0,2,184,1619,72,72
397,1763,2160,0.183796,0.912,7.454603e+02,8.991840e-03,2.6135,0,9,125,1618,72,72
398,1762,2160,0.184259,0.913,7.453536e+02,9.594777e-03,2.6381,0,2,69,1617,72,72
399,1761,2160,0.184722,0.913,7.460024e+02,9.677212e-03,2.6588,0,5,47,1616,72,72
400,1760,2160,0.185185,0.913,7.460299e+02,7.931077e-03,2.6264,0,3,43,1615,72,72
401,1759,2160,0.185648,0.913,7.461389e+02,8.269631e-03,2.6577,0,5,83,1614,72,72
402,1758,2160,0.186111,0.913,7.462305e+02,1.380609e-03,2.6172,0,3,83,1613,72,72
403,1757,2160,0.186574,0.913,7.463186e+02,1.833225e-03,2.6175,0,0,32,1612,72,72
404,1756,2160,0.187037,0.913,7.466205e+02,2.322648e-03,2.6084,0,0,169,1611,72,72
405,1755,2160,0.1875,0.913,7.470114e+02,2.855347e-03,2.6551,0,0,123,1610,72,72
406,1754,2160,0.187963,0.913,7.475189e+02,3.114218e-03,2.6129,0,4,55,1609,72,72
407,1753,2160,0.188426,0.913,7.474292e+02,9.484111e-03,2.5836,0,9,150,1608,72,72
408,1752,2160,0.188889,0.914,7.470396e+02,6.822878e-03,2.6789,0,4,190,1607,72,72
409,1751,2160,0.189352,0.915,7.473000e+02,3.539903e-03,2.6242,0,0,127,1606,72,72
410,1750,2160,0.189815,0.914,7.477247e+02,2.818472e-03,2.6454,0,1,191,1605,72,72
411,1749,2160,0.190278,0.915,7.482178e+02,5.523333e-03,2.6185,0,4,8,1604,72,72
412,1748,2160,0.190741,0.915,7.490235e+02,2.402629e-03,2.6015,0,0,184,1603,72,72
413,1747,2160,0.191204,0.915,7.491952e+02,1.113781e-02,2.6296,0,3,102,1602,72,72
414,1746,2160,0.191667,0.915,7.503076e+02,9.449461e-03,2.7061,0,2,86,1601,72,72
415,1745,2160,0.19213,0.915,7.509476e+02,6.190664e-03,2.722,0,9,140,1600,72,72
416,1744,2160,0.192593,0.915,7.513784e+02,2.994265e-03,2.5949,0,2,181,1599,72,72
417,1743,2160,0.193056,0.915,7.518226e+02,1.916345e-03,2.6335,0,0,154,1598,72,72
418,1742,2160,0.193519,0.915,7.519924e+02,9.982246e-03,2.6398,0,9,107,1597,72,72
419,1741,2160,0.193981,0.915,7.519536e+02,4.870533e-03,2.6409,0,1,113,1596,72,72
420,1740,2160,0.194444,0.915,7.528251e+02,1.023283e-02,2.6533,0,9,78,1595,72,72
421,1739,2160,0.194907,0.915,7.526331e+02,1.031489e-02,2.6144,0,3,142,1594,72,72
422,1738,2160,0.19537,0.915,7.528446e+02,6.070267e-03,2.6548,0,3,126,1593,72,72
423,1737,2160,0.195833,0.915,7.536352e+02,9.957744e-03,2.6583,0,9,168,1592,72,72
424,1736,2160,0.196296,0.915,7.538439e+02,9.830954e-03,2.5913,0,1,11,1591,72,72
425,1735,2160,0.196759,0.915,7.534264e+02,3.831732e-03,2.6534,0,9,11,1590,72,72
426,1734,2160,0.197222,0.915,7.535445e+02,7.018832e-03,2.6209,0,1,195,1589,72,72
427,1733,2160,0.197685,0.915,7.549662e+02,9.816564e-03,2.6131,0,2,139,1588,72,72
428,1732,2160,0.198148,0.914,7.553799e+02,9.138343e-03,2.6588,0,5,57,1587,72,72
429,1731,2160,0.198611,0.914,7.552653e+02,2.946036e-03,2.6262,0,3,57,1586,72,72
430,1730,2160,0.199074,0.914,7.551998e+02,2.093253e-03,2.6053,0,7,126,1585,72,72
431,1729,2160,0.199537,0.914,7.550402e+02,1.124139e-02,2.6046,0,2,183,1584,72,72
432,1728,2160,0.2,0.915,7.553356e+02,3.588144e-03,2.6217,0,0,16,1583,72,72
433,1727,2160,0.200463,0.915,7.560479e+02,8.970187e-03,2.6336,0,4,16,1582,72,72
434,1726,2160,0.200926,0.914,7.571146e+02,3.490269e-02,2.6374,0,5,120,1581,72,72
435,1725,2160,0.201389,0.913,7.528951e+02,8.523838e-02,2.62,2,0,2,1581,72,71
436,1724,2160,0.201852,0.913,7.570529e+02,1.536613e-02,2.6257,0,9,18,1580,72,71
437,1723,2160,0.202315,0.913,7.563559e+02,2.293080e-02,2.5996,1,2,9,1580,71,71
438,1722,2160,0.202778,0.914,7.570861e+02,9.514058e-03,2.6272,0,9,71,1579,71,71
439,1721,2160,0.203241,0.914,7.579768e+02,7.368236e-03,2.5954,0,5,42,1578,71,71
440,1720,2160,0.203704,0.914,7.600250e+02,7.635851e-03,2.6162,0,8,124,1577,71,71
441,1719,2160,0.204167,0.913,7.604847e+02,2.826208e-03,2.6776,0,8,125,1576,71,71
442,1718,2160,0.20463,0.913,7.611694e+02,5.113024e-03,2.6183,0,0,170,1575,71,71
443,1717,2160,0.205093,0.913,7.630611e+02,1.025722e-02,2.6187,0,5,12,1574,71,71
444,1716,2160,0.205556,0.913,7.642693e+02,5.259397e-03,2.5848,0,4,97,1573,71,71
445,1715,2160,0.206019,0.913,7.655835e+02,1.223114e-02,2.6039,0,2,96,1572,71,71
446,1714,2160,0.206481,0.913,7.665068e+02,2.963438e-03,2.6121,0,9,96,1571,71,71
447,1713,2160,0.206944,0.913,7.658981e+02,1.382342e-02,2.6313,0,9,128,1570,71,71
448,1712,2160,0.207407,0.913,7.660373e+02,6.966050e-03,2.6242,0,0,82,1569,71,71
449,1711,2160,0.20787,0.913,7.685166e+02,1.318584e-02,2.5985,0,2,135,1568,71,71
450,1710,2160,0.208333,0.913,7.690950e+02,1.418729e-02,2.5959,0,9,76,1567,71,71
451,1709,2160,0.208796,0.913,7.679045e+02,8.474874e-03,2.6242,0,9,46,1566,71,71
452,1708,2160,0.209259,0.913,7.676364e+02,3.542831e-03,2.5919,0,7,119,1565,71,71
453,1707,2160,0.209722,0.913,7.673369e+02,1.372533e-02,2.5742,0,9,45,1564,71,71
454,1706,2160,0.210185,0.913,7.673488e+02,2.470943e-03,2.6014,0,7,27,1563,71,71
455,1705,2160,0.210648,0.913,7.670731e+02,1.484211e-03,2.6032,0,7,5,1562,71,71
456,1704,2160,0.211111,0.913,7.672096e+02,1.649258e-03,2.6003,0,7,186,1561,71,71
457,1703,2160,0.211574,0.913,7.673253e+02,1.028971e-02,2.6989,0,8,56,1560,71,71
458,1702,2160,0.212037,0.913,7.675544e+02,1.362625e-02,2.5968,0,2,162,1559,71,71
459,1701,2160,0.2125,0.912,7.678597e+02,1.313737e-02,2.6145,0,9,17,1558,71,71
460,1700,2160,0.212963,0.912,7.673390e+02,1.088414e-02,2.6461,0,9,16,1557,71,71
461,1699,2160,0.213426,0.912,7.673234e+02,1.330396e-02,2.5986,0,9,64,1556,71,71
462,1698,2160,0.213889,0.912,7.671153e+02,1.189564e-02,2.6191,0,9,3,1555,71,71
463,1697,2160,0.214352,0.913,7.686433e+02,1.553747e-03,2.6575,0,1,3,1554,71,71
464,1696,2160,0.214815,0.913,7.687218e+02,1.290682e-02,2.6415,0,9,189,1553,71,71
465,1695,2160,0.215278,0.913,7.679991e+02,3.947909e-03,2.6001,0,0,28,1552,71,71
466,1694,2160,0.215741,0.913,7.673894e+02,1.736782e-03,2.6006,0,7,184,1551,71,71
467,1693,2160,0.216204,0.913,7.673984e+02,1.534646e-02,2.6113,0,9,178,1550,71,71
468,1692,2160,0.216667,0.913,7.672983e+02,5.075325e-03,2.5959,0,0,95,1549,71,71
469,1691,2160,0.21713,0.913,7.687092e+02,1.783976e-02,2.6295,0,3,63,1548,71,71
470,1690,2160,0.217593,0.913,7.694514e+02,2.124815e-03,2.6735,0,7,127,1547,71,71
471,1689,2160,0.218056,0.913,7.699458e+02,2.976486e-03,2.5977,0,0,19,1546,71,71
472,1688,2160,0.218519,0.912,7.698166e+02,7.195652e-03,2.6142,0,8,19,1545,71,71
473,1687,2160,0.218981,0.912,7.696529e+02,3.093636e-02,2.6707,1,3,3,1545,70,71
474,1686,2160,0.219444,0.912,7.716379e+02,4.295826e-02,2.5903,0,0,36,1544,70,71
475,1685,2160,0.219907,0.913,7.737626e+02,1.531865e-02,2.618,0,4,49,1543,70,71
476,1684,2160,0.22037,0.913,7.728059e+02,1.550449e-02,2.6122,0,4,121,1542,70,71
477,1683,2160,0.220833,0.913,7.727309e+02,6.186694e-02,2.6139,2,9,8,1542,70,70
478,1682,2160,0.221296,0.912,7.930605e+02,1.802801e-02,2.64,0,2,61,1541,70,70
479,1681,2160,0.221759,0.912,7.974255e+02,1.197852e-02,2.6087,0,9,130,1540,70,70
480,1680,2160,0.222222,0.912,7.972579e+02,1.389025e-02,2.6062,0,9,127,1539,70,70
481,1679,2160,0.222685,0.912,7.969381e+02,1.144306e-02,2.6146,0,1,10,1538,70,70
482,1678,2160,0.223148,0.912,7.958067e+02,1.937948e-02,2.603,0,9,173,1537,70,70
483,1677,2160,0.223611,0.912,7.973298e+02,3.843809e-02,2.6032,0,5,76,1536,70,70
484,1676,2160,0.224074,0.912,8.185906e+02,1.519248e-02,2.5941,0,4,54,1535,70,70
485,1675,2160,0.224537,0.913,8.218833e+02,7.055642e-03,2.6196,0,3,41,1534,70,70
486,1674,2160,0.225,0.913,8.227898e+02,1.427680e-02,2.665,0,5,70,1533,70,70
487,1673,2160,0.225463,0.913,8.236505e+02,1.662422e-02,2.6146,0,5,188,1532,70,70
488,1672,2160,0.225926,0.913,8.247970e+02,1.422714e-02,2.5969,0,3,36,1531,70,70
489,1671,2160,0.226389,0.913,8.230340e+02,1.404697e-02,2.6107,0,1,50,1530,70,70
490,1670,2160,0.226852,0.914,8.250746e+02,1.341467e-02,2.6183,0,9,23,1529,70,70
491,1669,2160,0.227315,0.914,8.254905e+02,1.439468e-02,2.612,0,9,22,1528,70,70
492,1668,2160,0.227778,0.914,8.267031e+02,9.357334e-03,2.6561,0,0,152,1527,70,70
493,1667,2160,0.228241,0.914,8.283844e+02,5.129526e-03,2.6638,0,0,171,1526,70,70
494,1666,2160,0.228704,0.914,8.296407e+02,1.579114e-02,2.6114,0,2,60,1525,70,70
495,1665,2160,0.229167,0.914,8.311613e+02,3.241608e-02,2.6424,0,9,188,1524,70,70
496,1664,2160,0.22963,0.914,8.300416e+02,7.589466e-03,2.6583,0,0,20,1523,70,70
497,1663,2160,0.230093,0.914,8.344048e+02,1.494372e-02,2.6397,0,3,144,1522,70,70
498,1662,2160,0.230556,0.913,8.356632e+02,1.259681e-02,2.6302,0,1,148,1521,70,70
499,1661,2160,0.231019,0.913,8.353720e+02,1.628325e-02,2.6424,0,3,177,1520,70,70
